,district,year,implant_women_old,implant_women_new,injection2_women_old,injection2_women_new,injection3_women_old,injection3_women_new,pill_women_old,pill_women_new,iud_women_old,iud_women_new,iud_number_dispensed,implant_number_dispensed,injection2_number_dispensed,injection3_number_dispensed,pill_number_dispensed,iud_number_received,implant_number_received,injection2_number_received,injection3_number_received,pill_number_received,iud_stock_end,implant_stock_end,injection2_stock_end,injection3_stock_end,pill_stock_end
0,ABENGOUROU,2018,3298.0,965.0,2997.0,749.0,10892,2609,1867.0,425.0,117.0,15.0,26.0,823.0,3681.0,7082.0,6893.0,673.0,2435.0,8799.0,12890.0,35961.0,,3167.0,,16041.0,48097.0
1,ABENGOUROU,2017,2597.0,698.0,2125.0,588.0,9939,2480,1835.0,400.0,34.0,22.0,15.0,483.0,2894.0,6460.0,6339.0,544.0,1760.0,9920.0,12727.0,31260.0,,2617.0,,16403.0,41079.0
2,ABENGOUROU,2016,865.0,408.0,2616.0,786.0,8407,2440,2675.0,439.0,20.0,24.0,19.0,438.0,3167.0,5394.0,5982.0,436.0,1503.0,11407.0,12666.0,28256.0,,1671.0,,8561.0,20878.0
3,ABOBO EST,2018,4041.0,2234.0,2200.0,583.0,13504,3940,2959.0,673.0,383.0,180.0,155.0,2372.0,878.0,9512.0,5234.0,1154.0,3309.0,2241.0,9914.0,7426.0,,3092.0,,9359.0,9046.0
4,ABOBO EST,2017,1954.0,2491.0,1768.0,214.0,10745,2389,3506.0,679.0,147.0,259.0,258.0,3066.0,1805.0,8939.0,6957.0,2780.0,4009.0,5846.0,11784.0,13191.0,,2596.0,,6359.0,11711.0
5,ABOBO EST,2016,760.0,617.0,1989.0,348.0,8784,2008,3220.0,732.0,101.0,169.0,147.0,673.0,2056.0,12027.0,6919.0,2617.0,1124.0,4097.0,8381.0,15609.0,,,,,
6,ABOBO OUEST,2018,1806.0,1568.0,8288.0,201.0,6586,1020,6923.0,326.0,803.0,142.0,908.0,1929.0,8318.0,5179.0,8922.0,3117.0,3269.0,28769.0,11085.0,46937.0,,2591.0,,9269.0,55790.0
7,ABOBO OUEST,2017,2518.0,1635.0,6797.0,870.0,13464,1764,9350.0,1369.0,2722.0,536.0,1090.0,2085.0,5025.0,8996.0,12141.0,3342.0,5271.0,27150.0,28394.0,35613.0,,4330.0,,21156.0,93546.0
8,ABOBO OUEST,2016,2435.0,1257.0,6623.0,626.0,9730,1324,9362.0,603.0,2497.0,889.0,1243.0,2427.0,7531.0,8520.0,13037.0,2934.0,9514.0,50103.0,42308.0,68118.0,,2875.0,,13670.0,28693.0
9,ABOISSO,2018,1810.0,675.0,933.0,260.0,6997,1791,1606.0,304.0,27.0,5.0,21.0,663.0,963.0,3657.0,6091.0,45.0,1626.0,1538.0,4211.0,5638.0,,1921.0,,3918.0,5336.0
10,ABOISSO,2017,399.0,461.0,1295.0,218.0,5972,1591,1629.0,341.0,135.0,15.0,25.0,458.0,1212.0,3280.0,3144.0,38.0,1195.0,2087.0,3991.0,7389.0,,1123.0,,2050.0,7225.0
11,ABOISSO,2016,852.0,303.0,3104.0,345.0,6517,1502,2940.0,411.0,18.0,1.0,6.0,191.0,1661.0,2758.0,5783.0,135.0,578.0,3708.0,3630.0,38066.0,,,,,
12,ADIAKE,2018,11.0,74.0,822.0,118.0,1710,359,339.0,58.0,,1.0,,55.0,753.0,1623.0,753.0,,135.0,1676.0,1490.0,1325.0,,80.0,,891.0,1071.0
13,ADIAKE,2017,30.0,46.0,765.0,99.0,1674,667,282.0,60.0,1.0,2.0,,53.0,836.0,973.0,640.0,200.0,139.0,1827.0,1179.0,1464.0,,72.0,,635.0,785.0
14,ADIAKE,2016,,25.0,701.0,149.0,1463,590,477.0,95.0,,14.0,52.0,74.0,1673.0,766.0,992.0,55.0,26.0,2041.0,959.0,2237.0,,,,,
15,ADJAME-PLATEAU-ATTECOUBE,2018,5682.0,1586.0,3720.0,481.0,13913,1956,5286.0,630.0,444.0,98.0,527.0,2744.0,3787.0,9465.0,24048.0,707.0,6251.0,17291.0,20721.0,35675.0,,7474.0,,13930.0,33394.0
16,ADJAME-PLATEAU-ATTECOUBE,2017,1891.0,1356.0,2681.0,279.0,8263,1458,3983.0,408.0,199.0,100.0,280.0,2226.0,3201.0,8830.0,10680.0,1050.0,5053.0,16800.0,20833.0,50076.0,,3829.0,,16098.0,47089.0
17,ADJAME-PLATEAU-ATTECOUBE,2016,1382.0,515.0,3058.0,382.0,8387,1042,4386.0,358.0,345.0,71.0,264.0,829.0,3532.0,6895.0,11042.0,1424.0,3423.0,10913.0,20797.0,34111.0,,353.0,,1392.0,3229.0
18,ADZOPE,2018,97.0,752.0,1469.0,220.0,3072,840,652.0,210.0,51.0,219.0,191.0,822.0,1937.0,3712.0,2213.0,213.0,1368.0,2162.0,5549.0,6892.0,,1610.0,,4711.0,9113.0
19,ADZOPE,2017,23.0,344.0,1346.0,177.0,2702,806,555.0,177.0,13.0,15.0,17.0,304.0,1583.0,3054.0,2200.0,49.0,1030.0,2994.0,4510.0,5324.0,,979.0,,2884.0,5709.0
20,ADZOPE,2016,7.0,182.0,1825.0,351.0,2316,763,632.0,309.0,9.0,13.0,19.0,407.0,2140.0,2895.0,3814.0,143.0,723.0,2955.0,3874.0,3782.0,,,,,
21,AGBOVILLE,2018,2591.0,1025.0,1444.0,312.0,8395,1770,1890.0,276.0,593.0,236.0,208.0,958.0,1707.0,8971.0,3945.0,562.0,1441.0,2769.0,10060.0,8478.0,,1109.0,,3547.0,5679.0
22,AGBOVILLE,2017,915.0,187.0,1712.0,308.0,6638,1474,1410.0,263.0,116.0,29.0,116.0,206.0,2017.0,7504.0,4444.0,29.0,377.0,3343.0,8661.0,8402.0,,329.0,,2560.0,5931.0
23,AGBOVILLE,2016,57.0,96.0,1615.0,406.0,6765,1522,1709.0,278.0,11.0,3.0,,95.0,1955.0,7445.0,4780.0,12.0,249.0,3053.0,7685.0,7440.0,,,,,
24,AGNIBILEKROU,2018,816.0,274.0,78.0,32.0,4546,678,1896.0,167.0,,1.0,,335.0,100.0,3164.0,1965.0,,846.0,248.0,2866.0,2607.0,,1199.0,,2222.0,3337.0
25,AGNIBILEKROU,2017,347.0,272.0,84.0,30.0,2942,879,979.0,279.0,,,,264.0,94.0,3183.0,2465.0,6.0,669.0,414.0,2939.0,3256.0,,970.0,,3317.0,5554.0
26,AGNIBILEKROU,2016,230.0,238.0,382.0,155.0,2350,680,1168.0,345.0,,10.0,2.0,242.0,477.0,2504.0,2994.0,50.0,566.0,844.0,2642.0,4617.0,,,,,
27,AKOUPE,2018,1658.0,545.0,1252.0,227.0,2869,681,940.0,134.0,48.0,35.0,15.0,373.0,902.0,1729.0,958.0,103.0,923.0,2237.0,2432.0,1750.0,,607.0,,1297.0,1045.0
28,AKOUPE,2017,123.0,214.0,1169.0,310.0,2200,511,733.0,223.0,12.0,2.0,,35.0,653.0,737.0,472.0,,29.0,720.0,670.0,414.0,,19.0,,271.0,145.0
29,AKOUPE,2016,,18.0,1582.0,325.0,1569,343,800.0,108.0,,2.0,,,1224.0,203.0,511.0,,,1195.0,250.0,678.0,,,,,
30,ALEPE,2018,12.0,122.0,669.0,164.0,2204,539,156.0,93.0,12.0,,2.0,37.0,826.0,1829.0,203.0,10.0,232.0,2891.0,4041.0,1403.0,,210.0,,2202.0,1550.0
31,ALEPE,2017,,10.0,661.0,150.0,2090,556,118.0,33.0,,,,2.0,834.0,1886.0,318.0,,,1022.0,2213.0,402.0,,5.0,,1441.0,625.0
32,ALEPE,2016,,139.0,948.0,211.0,1352,410,142.0,99.0,,7.0,7.0,124.0,985.0,1058.0,468.0,10.0,131.0,1292.0,1196.0,865.0,,,,24.0,
33,ANYAMA,2018,75.0,1818.0,1932.0,342.0,4996,1076,1396.0,384.0,36.0,194.0,127.0,1734.0,2118.0,4106.0,2711.0,295.0,2126.0,3167.0,4523.0,4194.0,,1398.0,,3670.0,4657.0
34,ANYAMA,2017,259.0,955.0,1918.0,473.0,4109,957,1255.0,347.0,42.0,176.0,71.0,706.0,1626.0,3331.0,2096.0,177.0,1068.0,2440.0,8964.0,3761.0,,743.0,,3477.0,5411.0
35,ANYAMA,2016,299.0,2046.0,2077.0,489.0,3716,870,1392.7,1026.7,15.0,101.0,67.0,478.0,2042.0,2593.0,2632.0,141.0,684.0,3028.0,3126.0,6012.0,,,,,258.0
36,ARRAH,2018,189.0,167.0,238.0,71.0,2402,593,327.0,58.0,,3.0,62.0,180.0,322.0,2515.0,1446.0,50.0,376.0,522.0,2112.0,4741.0,,437.0,,1286.0,4417.0
37,ARRAH,2017,13.0,137.0,282.0,116.0,1663,390,377.0,63.0,,1.0,,131.0,418.0,1706.0,1107.0,,487.0,1013.0,1340.0,3410.0,,370.0,,792.0,3376.0
38,ARRAH,2016,112.0,137.0,870.0,198.0,1784,374,522.0,89.0,1.0,2.0,18.0,153.0,1067.0,1558.0,1409.0,54.0,667.0,1553.0,1059.0,3481.0,,,,,
39,BANGOLO,2018,2049.0,504.0,31.0,13.0,2790,796,84.0,14.0,,4.0,,345.0,33.0,1887.0,60.0,423.0,662.0,143.0,2208.0,56.0,,719.0,,941.0,275.0
40,BANGOLO,2017,3629.0,368.0,70.0,48.0,2155,1023,112.0,87.0,42.0,13.0,2.0,339.0,85.0,1652.0,114.0,158.0,902.0,298.0,2116.0,498.0,,588.0,,893.0,523.0
41,BANGOLO,2016,2094.0,430.0,131.0,60.0,2327,845,296.0,156.0,129.0,3.0,45.0,315.0,127.0,1530.0,1348.0,138.0,678.0,291.0,2543.0,22374.0,,11.0,,259.0,59.0
42,BEOUMI,2018,661.0,1080.0,372.0,132.0,2457,998,490.0,175.0,2.0,207.0,5.0,386.0,506.0,2193.0,6148.0,,1175.0,1048.0,3027.0,17559.0,,2625.0,,2814.0,27221.0
43,BEOUMI,2017,498.0,374.0,638.0,177.0,2309,641,547.0,104.0,,1.0,4.0,298.0,674.0,1664.0,4468.0,19.0,628.0,1143.0,2441.0,16756.0,,1034.0,,2600.0,41551.0
44,BEOUMI,2016,476.0,464.0,1025.0,293.0,2067,548,1139.0,191.0,,,3.0,411.0,1034.0,1700.0,5547.0,35.0,1053.0,1833.0,2283.0,54793.0,,,,,
45,BETTIE,2018,722.0,92.0,2094.0,158.0,5209,491,1081.0,117.0,46.0,1.0,1.0,55.0,585.0,443.0,786.0,,166.0,785.0,545.0,2317.0,,394.0,,677.0,5474.0
46,BETTIE,2017,430.0,51.0,2085.0,292.0,4714,409,1033.0,126.0,13.0,,,35.0,924.0,922.0,1537.0,,31.0,1221.0,868.0,1507.0,,71.0,,1631.0,5561.0
47,BETTIE,2016,58.0,23.0,1628.0,306.0,2931,462,668.0,101.0,1.0,1.0,5.0,23.0,778.0,988.0,821.0,12.0,35.0,1173.0,1562.0,2224.0,,,,,
48,BIANKOUMA,2018,3085.0,495.0,42.0,76.0,4821,1207,421.0,71.0,194.0,36.0,8.0,366.0,87.0,2266.0,70.0,53.0,719.0,182.0,3898.0,154.0,,678.0,,2775.0,118.0
49,BIANKOUMA,2017,709.0,448.0,22.0,38.0,2403,995,70.0,38.0,23.0,3.0,2.0,286.0,26.0,1972.0,73.0,126.0,657.0,106.0,3193.0,199.0,,481.0,,2116.0,159.0
50,BIANKOUMA,2016,57.0,237.0,130.0,60.0,2118,824,65.0,44.0,3.0,,4.0,144.0,40.0,1541.0,104.0,70.0,360.0,101.0,2659.0,885.0,,48.0,,597.0,171.0
51,BLOLEQUIN,2018,3610.0,848.0,112.0,111.0,4302,1679,586.0,291.0,114.0,47.0,,493.0,314.0,2670.0,451.0,,951.0,493.0,3119.0,824.0,,1112.0,,2706.0,1343.0
52,BLOLEQUIN,2017,1128.0,472.0,94.0,68.0,3645,1925,602.0,301.0,1.0,1.0,13.0,383.0,109.0,3164.0,485.0,39.0,528.0,561.0,3965.0,705.0,,335.0,,1620.0,639.0
53,BLOLEQUIN,2016,1175.0,884.0,99.0,88.0,4440,2100,1017.0,796.0,,,,973.0,186.0,3655.0,6782.0,42.0,965.0,383.0,3569.0,12721.0,,,,,
54,BOCANDA,2018,43.0,145.0,1066.0,89.0,3194,568,290.0,70.0,,,,165.0,454.0,1723.0,5656.0,24.0,173.0,583.0,1608.0,4242.0,,351.0,,1434.0,10318.0
55,BOCANDA,2017,87.0,88.0,440.0,122.0,1863,470,402.0,73.0,,1.0,,130.0,331.0,1418.0,2547.0,10.0,192.0,436.0,1319.0,927.0,,460.0,,2495.0,9711.0
56,BOCANDA,2016,68.0,179.0,490.0,165.0,1278,458,422.0,125.0,,1.0,1.0,172.0,697.0,1005.0,808.0,6.0,181.0,752.0,1588.0,834.0,,,,,
57,BONDOUKOU,2018,8248.0,902.0,1833.0,519.0,18204,3415,6329.0,705.0,379.0,96.0,30.0,1076.0,1254.0,10150.0,14612.0,1706.0,3745.0,6166.0,18384.0,24484.0,,4608.0,,15559.0,20918.0
58,BONDOUKOU,2017,4824.0,1073.0,1222.0,400.0,10903,2984,4618.0,637.0,347.0,116.0,34.0,1185.0,1451.0,9513.0,14991.0,1955.0,3334.0,5413.0,20731.0,27413.0,,3888.0,,20761.0,39349.0
59,BONDOUKOU,2016,1946.0,909.0,2306.0,334.0,7162,1998,3819.0,729.0,35.0,34.0,73.0,797.0,1025.0,6398.0,11729.0,795.0,2175.0,6913.0,14756.0,31294.0,,1332.0,,5507.0,29943.0
60,BONGOUANOU,2018,1195.0,123.0,380.0,64.0,2828,741,303.0,265.0,19.0,10.0,109.0,135.0,287.0,2781.0,1732.0,,432.0,611.0,2965.0,3092.0,,456.0,,1364.0,4362.0
61,BONGOUANOU,2017,921.0,144.0,339.0,80.0,1891,697,372.0,135.0,,,3.0,74.0,161.0,1631.0,1417.0,,180.0,315.0,1212.0,1939.0,,189.0,,772.0,1947.0
62,BONGOUANOU,2016,429.0,73.0,641.0,145.0,1829,409,768.0,216.0,74.0,8.0,3.0,57.0,583.0,1237.0,2434.0,15.0,93.0,751.0,1261.0,3949.0,,,,,
63,BOTRO,2018,1203.0,413.0,78.0,32.0,1272,544,155.0,77.0,3.0,,11.0,201.0,82.0,830.0,460.0,11.0,498.0,218.0,1158.0,1249.0,,681.0,,1520.0,1989.0
64,BOTRO,2017,607.0,284.0,93.0,34.0,1049,507,159.0,75.0,1.0,1.0,,176.0,78.0,756.0,659.0,,445.0,112.0,949.0,1949.0,,688.0,,1151.0,1644.0
65,BOTRO,2016,323.0,269.0,121.0,49.0,930,422,163.0,96.0,1.0,,,124.0,77.0,725.0,551.0,6.0,233.0,142.0,520.0,700.0,,,,,
66,BOUAFLE,2018,576.0,3959.0,862.0,360.0,11332,3762,1751.0,499.0,44.0,124.0,197.0,3990.0,1119.0,13920.0,8090.0,407.0,4177.0,1419.0,14070.0,9394.0,,6944.0,,26788.0,19169.0
67,BOUAFLE,2017,1131.0,1616.0,942.0,348.0,10332,3115,1331.0,580.0,90.0,129.0,144.0,1506.0,1388.0,10487.0,7933.0,189.0,2113.0,1380.0,11971.0,11207.0,,2768.0,,23403.0,19141.0
68,BOUAFLE,2016,1186.0,1204.0,2109.0,497.0,8897,2539,1688.0,495.0,138.0,134.0,168.0,1072.0,2119.0,7889.0,7277.0,324.0,1568.0,2599.0,10239.0,7231.0,,,,,
69,BOUAKE NORD-EST,2018,332.0,660.0,966.0,126.0,3740,1260,1057.0,187.0,43.0,34.0,1.0,418.0,841.0,3314.0,2714.0,20.0,540.0,796.0,3371.0,3024.0,,666.0,,3723.0,3855.0
70,BOUAKE NORD-EST,2017,254.0,441.0,855.0,314.0,3458,1066,1173.0,280.0,18.0,30.0,,349.0,798.0,3207.0,2498.0,3.0,356.0,847.0,3514.0,2709.0,,458.0,,3584.0,3685.0
71,BOUAKE NORD-EST,2016,18.0,266.0,1060.0,318.0,3433,1085,1160.0,293.0,,3.0,,230.0,1171.0,3985.0,3414.0,,315.0,1641.0,2641.0,3712.0,,,,,
72,BOUAKE NORD-OUEST,2018,5029.0,1043.0,925.0,145.0,5059,1262,1683.0,414.0,,2.0,,898.0,478.0,3544.0,2490.0,296.0,1003.0,1133.0,3066.0,2793.0,,2638.0,,14215.0,10978.0
73,BOUAKE NORD-OUEST,2017,3726.0,836.0,847.0,155.0,3832,944,1246.0,454.0,,17.0,8.0,694.0,523.0,2752.0,2400.0,243.0,829.0,938.0,4060.0,2785.0,,1021.0,,5850.0,7885.0
74,BOUAKE NORD-OUEST,2016,2933.0,458.0,1023.0,217.0,4001,1061,1987.0,343.0,,2.0,2.0,208.0,821.0,2730.0,2958.0,,322.0,1152.0,2542.0,2780.0,,,,,
75,BOUAKE-SUD,2018,5928.0,2151.0,2440.0,395.0,5530,1731,3611.0,624.0,157.0,92.0,15.0,982.0,797.0,4073.0,3118.0,863.0,1355.0,951.0,4497.0,4317.0,,3175.0,,9978.0,19407.0
76,BOUAKE-SUD,2017,2364.0,1797.0,2078.0,341.0,6194,1914,4209.0,542.0,43.0,120.0,7.0,725.0,768.0,4016.0,2859.0,205.0,1089.0,1095.0,5600.0,4457.0,,1741.0,,7611.0,20101.0
77,BOUAKE-SUD,2016,1136.0,1606.0,2600.0,462.0,6745,2152,4656.0,591.0,52.0,140.0,50.0,1072.0,1410.0,4701.0,5775.0,311.0,1077.0,6804.0,6283.0,10071.0,,,,,
78,BOUNA,2018,154.0,598.0,252.0,184.0,2914,1816,319.0,240.0,,36.0,36.0,632.0,410.0,4246.0,1497.0,440.0,1301.0,1129.0,6226.0,2266.0,,1050.0,,4796.0,4839.0
79,BOUNA,2017,17.0,246.0,469.0,193.0,2261,1241,131.0,90.0,1.0,2.0,2.0,245.0,643.0,3020.0,1322.0,61.0,481.0,835.0,4755.0,2763.0,,470.0,,5660.0,3509.0
80,BOUNA,2016,7.0,136.0,701.0,297.0,1772,1202,128.0,107.0,5.0,6.0,1.0,117.0,960.0,1583.0,1354.0,103.0,80.0,932.0,1889.0,1571.0,,,,,
81,BOUNDIALI,2018,1032.0,500.0,301.0,129.0,3477,1454,141.0,132.0,,,,1235.0,389.0,4021.0,562.0,1.0,10819.0,538.0,4986.0,909.0,,1497.0,,4815.0,1990.0
82,BOUNDIALI,2017,271.0,260.0,224.0,100.0,3138,1931,104.0,357.0,,1.0,1.0,235.0,138.0,3315.0,631.0,20.0,372.0,257.0,4990.0,1004.0,,582.0,,2180.0,3739.0
83,BOUNDIALI,2016,66.0,123.0,83.0,122.0,2299,1205,186.0,81.0,6.0,1.0,1.0,76.0,130.0,1730.0,877.0,,98.0,192.0,1909.0,342.0,,257.0,,980.0,1981.0
84,BUYO,2018,1248.0,395.0,167.0,92.0,2047,734,176.0,102.0,35.0,6.0,9.0,435.0,254.0,2330.0,1043.0,5.0,1590.0,1607.0,4120.0,2533.0,,1476.0,,2184.0,2121.0
85,BUYO,2017,824.0,337.0,142.0,76.0,1477,504,157.0,57.0,101.0,8.0,2.0,335.0,242.0,1736.0,503.0,4.0,773.0,799.0,2651.0,1533.0,,633.0,,1341.0,1358.0
86,BUYO,2016,583.0,164.0,172.0,86.0,1358,379,187.0,63.0,48.0,1.0,8.0,218.0,264.0,1320.0,543.0,24.0,459.0,1561.0,1934.0,1235.0,,,,,
87,COCODY - BINGERVILLE,2018,2624.0,1794.0,6228.0,1102.0,13215,2979,4093.0,769.0,360.0,166.0,146.0,1858.0,7248.0,11065.0,12053.0,379.0,3462.0,9804.0,12425.0,19575.0,,3215.0,,9022.0,17357.0
88,COCODY - BINGERVILLE,2017,882.0,1224.0,9088.0,1414.0,10360,2803,3341.0,987.0,147.0,129.0,187.0,1252.0,7786.0,9649.0,11576.0,468.0,1150.0,8459.0,7372.0,11959.0,,1451.0,,4923.0,16847.0
89,COCODY - BINGERVILLE,2016,793.0,587.0,4969.0,1320.0,8711,1777,3138.0,852.0,645.0,66.0,28.0,284.0,4521.0,5384.0,6658.0,112.0,274.0,5234.0,2696.0,10284.0,,,,,
90,DABAKALA,2018,1473.0,703.0,41.0,15.0,6588,2028,292.0,98.0,2.0,208.0,28.0,733.0,13.0,7519.0,1612.0,66.0,1486.0,16.0,9061.0,3379.0,,1618.0,,4060.0,4110.0
91,DABAKALA,2017,701.0,705.0,95.0,43.0,5189,2569,587.0,123.0,,3.0,29.0,742.0,144.0,7251.0,1760.0,15.0,1582.0,239.0,9330.0,4084.0,,1565.0,,4141.0,4053.0
92,DABAKALA,2016,186.0,649.0,401.0,187.0,4862,1847,1641.0,350.0,,,,680.0,431.0,6399.0,3222.0,,807.0,1234.0,7240.0,4999.0,,208.0,,1024.0,2975.0
93,DABOU,2018,269.0,860.0,2040.0,868.0,3828,1126,461.0,175.0,41.0,5.0,23.0,885.0,2874.0,4740.0,2546.0,55.0,1137.0,3300.0,4432.0,3066.0,,1890.0,,6374.0,10065.0
94,DABOU,2017,387.0,1168.0,1063.0,281.0,4588,979,645.0,204.0,32.0,34.0,20.0,1117.0,1296.0,5185.0,4915.0,34.0,1131.0,1495.0,4994.0,4452.0,,969.0,,4899.0,7531.0
95,DABOU,2016,384.0,749.0,3570.0,294.0,2755,553,823.0,92.0,21.0,18.0,38.0,988.0,3835.0,2523.0,3067.0,50.0,941.0,4264.0,2312.0,3624.0,,,,,
96,DALOA,2018,3108.0,2759.0,4876.0,918.0,10617,2155,1711.0,385.0,312.0,343.0,360.0,2326.0,4633.0,6212.0,6128.0,108.0,3057.0,1776.0,6458.0,2850.0,,3780.0,,12020.0,12959.0
97,DALOA,2017,2220.0,1796.0,1921.0,576.0,9131,2565,2297.0,464.0,392.0,183.0,293.0,1686.0,2205.0,9033.0,7230.0,20.0,2141.0,2409.0,8922.0,4144.0,,3016.0,,10769.0,10086.0
98,DALOA,2016,1907.0,1379.0,2842.0,647.0,8852,2206,2144.0,425.0,520.0,187.0,300.0,1469.0,2996.0,8587.0,6439.0,82.0,1862.0,3646.0,8064.0,4099.0,,526.0,,2359.0,2650.0
99,DANANE,2018,4111.0,632.0,1925.0,68.0,15152,1231,1183.0,145.0,98.0,15.0,11.0,507.0,94.0,2418.0,484.0,61.0,1015.0,264.0,4125.0,997.0,,976.0,,3269.0,843.0
100,DANANE,2017,279.0,732.0,535.0,77.0,2312,1226,332.0,218.0,10.0,40.0,17.0,599.0,66.0,2223.0,423.0,100.0,1197.0,85.0,3450.0,869.0,,891.0,,2416.0,713.0
101,DANANE,2016,300.0,570.0,576.0,256.0,3354,601,465.0,221.0,,1.0,11.0,850.0,792.0,3811.0,731.0,10.0,684.0,924.0,1434.0,1313.0,,,,5.0,
102,DAOUKRO,2018,155.0,563.0,633.0,157.0,3426,1128,1641.0,373.0,,2.0,43.0,519.0,768.0,3436.0,3210.0,56.0,828.0,1363.0,4670.0,4827.0,,1693.0,,5352.0,5100.0
103,DAOUKRO,2017,77.0,326.0,749.0,205.0,2901,879,1267.0,284.0,7.0,2.0,3.0,143.0,381.0,1304.0,1447.0,,165.0,786.0,1573.0,3549.0,,225.0,,1027.0,3145.0
104,DAOUKRO,2016,156.0,156.0,953.0,267.0,2253,807,1486.0,401.0,,2.0,,137.0,1187.0,1663.0,5418.0,,214.0,1219.0,1281.0,7483.0,,,,,
105,DIANRA,2018,30.0,208.0,53.0,54.0,634,264,5.0,2.0,,14.0,,205.0,86.0,442.0,79.0,,471.0,390.0,728.0,223.0,,285.0,,254.0,117.0
106,DIANRA,2017,34.0,237.0,76.0,59.0,441,340,5.0,2.0,,22.0,,152.0,70.0,177.0,87.0,,382.0,255.0,419.0,225.0,,169.0,,163.0,116.0
107,DIANRA,2016,38.0,167.0,52.0,31.0,274,125,8.0,,,31.0,,127.0,31.0,49.0,63.0,,304.0,154.0,166.0,243.0,,,,,
108,DIDIEVI,2018,5018.0,116.0,125.0,8.0,10698,531,1515.0,78.0,,2.0,5.0,111.0,42.0,1418.0,741.0,7.0,264.0,277.0,3248.0,1257.0,,630.0,,3551.0,1989.0
109,DIDIEVI,2017,3928.0,162.0,343.0,31.0,8416,571,999.0,138.0,17.0,1.0,3.0,137.0,169.0,1354.0,1857.0,45.0,296.0,904.0,2894.0,2856.0,,449.0,,3755.0,2561.0
110,DIDIEVI,2016,2358.0,150.0,530.0,44.0,6065,491,848.0,100.0,21.0,2.0,1.0,150.0,446.0,1247.0,2052.0,6.0,395.0,1301.0,3115.0,3185.0,,122.0,,1349.0,383.0
111,DIKODOUGOU,2018,39.0,174.0,141.0,79.0,830,383,7.0,4.0,,4.0,,211.0,218.0,1211.0,31.0,,371.0,602.0,1504.0,74.0,,311.0,,980.0,195.0
112,DIKODOUGOU,2017,42.0,134.0,106.0,88.0,775,389,12.0,43.0,,1.0,,177.0,181.0,1136.0,57.0,,400.0,573.0,1507.0,73.0,,416.0,,1032.0,253.0
113,DIKODOUGOU,2016,17.0,93.0,70.0,70.0,598,334,10.0,10.0,,,,108.0,216.0,906.0,24.0,,218.0,484.0,1285.0,60.0,,88.0,,448.0,50.0
114,DIMBOKRO,2018,141.0,380.0,254.0,61.0,3428,825,985.0,239.0,41.0,37.0,18.0,457.0,308.0,3810.0,2302.0,120.0,961.0,905.0,4558.0,3323.0,,1866.0,,3372.0,2871.0
115,DIMBOKRO,2017,266.0,258.0,376.0,95.0,2073,596,755.0,299.0,,10.0,8.0,255.0,421.0,2437.0,2221.0,,341.0,1350.0,2773.0,3717.0,,580.0,,4127.0,5012.0
116,DIMBOKRO,2016,472.0,352.0,869.0,348.0,2103,1001,758.0,633.0,1.0,2.0,2.0,271.0,1147.0,1971.0,3150.0,,630.0,2622.0,2759.0,7487.0,,,,,1.0
117,DIVO,2018,6284.0,2461.0,2134.0,349.0,12835,2365,3806.0,626.0,139.0,65.0,95.0,1500.0,907.0,6224.0,47544.0,125.0,1898.0,1034.0,6906.0,50973.0,,1608.0,,4048.0,38481.0
118,DIVO,2017,2165.0,1145.0,1089.0,260.0,7074,1651,2106.0,408.0,78.0,14.0,49.0,1105.0,1148.0,5940.0,50638.0,,690.0,1071.0,5387.0,56788.0,,537.0,,2756.0,45928.0
119,DIVO,2016,248.0,142.0,1106.0,300.0,3513,891,1307.0,312.0,24.0,2.0,22.0,101.0,1281.0,2394.0,32057.0,7.0,210.0,1971.0,3204.0,41572.0,,,,348.0,14070.0
120,DOROPO,2018,198.0,237.0,94.0,74.0,1328,750,33.0,28.0,,,,205.0,134.0,1723.0,37.0,35.0,562.0,285.0,2892.0,170.0,,520.0,,1291.0,189.0
121,DOROPO,2017,41.0,143.0,117.0,116.0,779,291,61.0,21.0,,10.0,,103.0,103.0,757.0,339.0,5.0,288.0,246.0,1186.0,870.0,,220.0,,458.0,629.0
122,DOROPO,2016,18.0,128.0,78.0,56.0,456,247,72.0,62.0,,,,74.0,96.0,336.0,62.0,,93.0,157.0,393.0,86.0,,,,,
123,DUEKOUE,2018,16764.0,1407.0,2138.0,261.0,19483,2805,3046.0,157.0,15.0,20.0,5.0,920.0,140.0,2753.0,1163.0,56.0,1563.0,663.0,5136.0,3964.0,,1512.0,,4923.0,5472.0
124,DUEKOUE,2017,13884.0,987.0,2807.0,170.0,15411,2539,2218.0,207.0,352.0,49.0,49.0,570.0,348.0,3380.0,1673.0,77.0,1302.0,749.0,4703.0,3678.0,,1290.0,,3669.0,6674.0
125,DUEKOUE,2016,7565.0,1097.0,2342.0,379.0,10421,1803,1863.0,339.0,211.0,14.0,17.0,322.0,557.0,2446.0,1772.0,139.0,734.0,2026.0,3276.0,2767.0,,148.0,,1138.0,3007.0
126,FERKESSEDOUGOU,2018,1589.0,675.0,409.0,74.0,3079,1052,250.0,60.0,2.0,21.0,1.0,191.0,90.0,1100.0,151.0,1.0,237.0,437.0,1396.0,803.0,,200.0,,587.0,643.0
127,FERKESSEDOUGOU,2017,45.0,655.0,449.0,86.0,2883,1044,234.0,56.0,,48.0,,404.0,459.0,2391.0,395.0,,488.0,1143.0,2994.0,1300.0,,366.0,,1369.0,907.0
128,FERKESSEDOUGOU,2016,279.0,76.0,728.0,220.0,2860,997,155.0,35.0,,,,21.0,398.0,726.0,163.0,,30.0,1085.0,1393.0,1022.0,,,,,
129,FRESCO,2018,2042.0,146.0,565.0,135.0,2550,619,347.0,101.0,59.0,,,232.0,335.0,1505.0,1021.0,,17.0,352.0,1153.0,1545.0,,421.0,,1406.0,3248.0
130,FRESCO,2017,1218.0,135.0,926.0,189.0,2191,631,348.0,128.0,,2.0,25.0,150.0,575.0,1741.0,7150.0,37.0,188.0,205.0,1535.0,6133.0,,845.0,,1659.0,4661.0
131,FRESCO,2016,739.0,188.0,769.0,192.0,1421,515,262.0,146.0,12.0,8.0,17.0,181.0,594.0,1452.0,1258.0,30.0,268.0,712.0,1828.0,815.0,,48.0,,789.0,367.0
132,GAGNOA 1,2018,478.0,495.0,1450.0,452.0,6987,1906,1316.0,437.0,24.0,28.0,19.0,620.0,2205.0,6652.0,8875.0,961.0,1032.0,3495.0,7480.0,14878.0,,1041.0,,5506.0,12214.0
133,GAGNOA 1,2017,334.0,294.0,1392.0,451.0,6291,1767,1175.0,314.0,23.0,15.0,22.0,322.0,2078.0,6346.0,8968.0,846.0,605.0,3736.0,8818.0,16001.0,,416.0,,3347.0,14372.0
134,GAGNOA 1,2016,4.0,141.0,1487.0,543.0,6285,1745,1214.0,375.0,7.0,16.0,55.0,105.0,1755.0,7036.0,5003.0,36.0,200.0,2443.0,37416.0,5541.0,,,,,
135,GAGNOA 2,2018,3789.0,521.0,206.0,118.0,3016,1074,518.0,137.0,11.0,13.0,1.0,415.0,170.0,2671.0,1658.0,52.0,935.0,770.0,3830.0,5224.0,,916.0,,1735.0,7789.0
136,GAGNOA 2,2017,2650.0,462.0,169.0,68.0,2964,1149,543.0,201.0,23.0,25.0,14.0,445.0,173.0,2955.0,1083.0,87.0,909.0,1014.0,4325.0,2218.0,,408.0,,1350.0,1252.0
137,GAGNOA 2,2016,1133.0,336.0,342.0,142.0,1867,796,442.0,171.0,15.0,6.0,10.0,289.0,427.0,1603.0,1602.0,29.0,501.0,946.0,2545.0,2354.0,,,,,
138,GRAND-BASSAM,2018,289.0,777.0,2252.0,322.0,6396,1291,1454.0,232.0,185.0,133.0,378.0,832.0,2690.0,4180.0,5107.0,662.0,2006.0,4802.0,5712.0,6924.0,,3055.0,,10255.0,10127.0
139,GRAND-BASSAM,2017,199.0,700.0,2806.0,616.0,5680,1621,1850.0,485.0,150.0,136.0,186.0,468.0,3171.0,4186.0,7501.0,876.0,776.0,4872.0,5634.0,9792.0,,1604.0,,8213.0,17845.0
140,GRAND-BASSAM,2016,62.0,124.0,3833.0,924.0,4761,1161,3088.0,559.0,175.0,128.0,126.0,124.0,4453.0,2336.0,7960.0,538.0,402.0,8204.0,4130.0,14599.0,,,,,
141,GRAND-LAHOU,2018,142.0,285.0,128.0,110.0,2244,752,306.0,109.0,3.0,1.0,4.0,359.0,163.0,1585.0,742.0,27.0,1260.0,686.0,2687.0,2187.0,,970.0,,1273.0,1971.0
142,GRAND-LAHOU,2017,99.0,551.0,154.0,51.0,1774,520,239.0,195.0,12.0,7.0,19.0,767.0,168.0,1078.0,1453.0,4.0,816.0,736.0,1536.0,3659.0,,300.0,,1283.0,6014.0
143,GRAND-LAHOU,2016,28.0,188.0,164.0,59.0,1603,416,203.0,92.0,,1.0,1.0,104.0,261.0,475.0,921.0,1.0,98.0,1196.0,665.0,2118.0,,,,,
144,GUEYO,2018,461.0,277.0,51.0,26.0,1480,413,165.0,23.0,2.0,6.0,,236.0,68.0,1012.0,206.0,60.0,417.0,109.0,1491.0,503.0,,464.0,,821.0,534.0
145,GUEYO,2017,386.0,328.0,85.0,45.0,1441,372,85.0,19.0,,8.0,,229.0,129.0,1240.0,147.0,55.0,338.0,304.0,1682.0,460.0,,329.0,,1117.0,434.0
146,GUEYO,2016,90.0,243.0,207.0,125.0,1051,319,114.0,29.0,1.0,2.0,,218.0,401.0,954.0,219.0,,336.0,541.0,1607.0,634.0,,,,,
147,GUIGLO,2018,1103.0,716.0,387.0,106.0,2774,999,446.0,82.0,67.0,16.0,22.0,843.0,427.0,3589.0,807.0,173.0,3396.0,3031.0,7985.0,5383.0,,3728.0,,9516.0,6761.0
148,GUIGLO,2017,1059.0,654.0,265.0,81.0,2453,1037,314.0,167.0,15.0,26.0,9.0,468.0,286.0,3137.0,1095.0,88.0,1310.0,2399.0,7487.0,3866.0,,1202.0,,7594.0,5976.0
149,GUIGLO,2016,135.0,529.0,272.0,160.0,2265,950,401.0,169.0,5.0,13.0,7.0,349.0,461.0,2834.0,1167.0,120.0,1189.0,2094.0,12356.0,3283.0,,311.0,,3626.0,1252.0
150,GUITRY,2018,1397.0,143.0,78.0,38.0,2398,486,275.0,49.0,,6.0,6.0,110.0,95.0,1815.0,349.0,36.0,466.0,367.0,1997.0,819.0,,554.0,,614.0,544.0
151,GUITRY,2017,1337.0,169.0,30.0,33.0,2059,512,222.0,49.0,,2.0,,85.0,61.0,1757.0,2198.0,60.0,229.0,283.0,2405.0,5085.0,,156.0,,863.0,2780.0
152,GUITRY,2016,,71.0,73.0,34.0,1078,219,208.0,26.0,,10.0,10.0,37.0,73.0,920.0,2202.0,27.0,103.0,247.0,1378.0,10598.0,,,,26.0,534.0
153,ISSIA,2018,21772.0,1890.0,190.0,42.0,12453,2276,3503.0,360.0,3482.0,89.0,44.0,567.0,40.0,1109.0,1281.0,351.0,1033.0,723.0,2140.0,2022.0,,591.0,,1421.0,1902.0
154,ISSIA,2017,1437.0,1107.0,202.0,49.0,4396,1449,811.0,302.0,64.0,43.0,27.0,571.0,180.0,1025.0,1168.0,331.0,797.0,833.0,2209.0,3673.0,,224.0,,1194.0,2609.0
155,ISSIA,2016,183.0,673.0,294.0,70.0,2981,1025,815.0,222.0,38.0,16.0,12.0,551.0,303.0,2420.0,1857.0,458.0,775.0,1290.0,3404.0,3884.0,,158.0,,536.0,392.0
156,JACQUEVILLE,2018,43.0,57.0,631.0,175.0,1622,364,243.0,71.0,,1.0,2.0,48.0,714.0,1283.0,482.0,1.0,117.0,1071.0,1403.0,1744.0,,87.0,,386.0,1283.0
157,JACQUEVILLE,2017,6.0,28.0,494.0,151.0,1435,405,125.0,50.0,,,7.0,28.0,559.0,1212.0,307.0,1.0,114.0,967.0,1378.0,837.0,,91.0,,321.0,689.0
158,JACQUEVILLE,2016,2.0,130.0,803.0,176.0,831,271,189.0,67.0,,,9.0,42.0,918.0,602.0,358.0,8.0,209.0,1376.0,978.0,2069.0,,,,,
159,KANI,2018,65.0,182.0,,,1122,258,2.0,1.0,11.0,9.0,13.0,99.0,,364.0,4.0,30.0,215.0,,460.0,43.0,,346.0,,725.0,66.0
160,KANI,2017,57.0,146.0,12.0,8.0,1037,364,1.0,4.0,78.0,14.0,16.0,83.0,11.0,290.0,,5.0,36.0,,335.0,14.0,,105.0,,484.0,11.0
161,KANI,2016,1.0,142.0,8.0,21.0,335,166,7.0,22.0,2.0,45.0,,25.0,15.0,102.0,2.0,,47.0,10.0,263.0,,,,,,
162,KANIASSO,2018,1874.0,260.0,,,865,259,9.0,4.0,,,,36.0,,82.0,4.0,50.0,37.0,,76.0,1.0,,59.0,,69.0,17.0
163,KANIASSO,2017,4809.0,356.0,39.0,1.0,2035,301,19.0,7.0,47.0,4.0,,91.0,,177.0,37.0,,164.0,,273.0,499.0,,100.0,,416.0,555.0
164,KANIASSO,2016,1171.0,196.0,4.0,,1437,236,11.0,13.0,,1.0,,152.0,,547.0,145.0,,316.0,,831.0,419.0,,132.0,,354.0,16.0
165,KATIOLA,2018,706.0,1038.0,326.0,97.0,3333,1006,221.0,97.0,,25.0,12.0,857.0,305.0,2311.0,833.0,35.0,1391.0,423.0,2384.0,1245.0,,1100.0,,1683.0,1490.0
166,KATIOLA,2017,230.0,934.0,337.0,131.0,2934,983,169.0,74.0,,27.0,20.0,684.0,313.0,2016.0,651.0,75.0,1150.0,598.0,2784.0,1074.0,,826.0,,1667.0,865.0
167,KATIOLA,2016,284.0,811.0,371.0,196.0,3106,1033,139.0,67.0,13.0,4.0,2.0,291.0,257.0,1624.0,252.0,1.0,527.0,426.0,2037.0,438.0,,,,,
168,KONG,2018,211.0,169.0,259.0,41.0,1139,429,1.0,2.0,,,,15.0,11.0,49.0,,,33.0,32.0,107.0,,,25.0,,58.0,
169,KONG,2017,714.0,110.0,421.0,73.0,1358,370,5.0,9.0,,1.0,,26.0,9.0,175.0,,10.0,49.0,53.0,292.0,,,25.0,,130.0,
170,KONG,2016,78.0,23.0,526.0,112.0,1380,290,32.0,13.0,,,,13.0,109.0,96.0,18.0,,28.0,119.0,109.0,15.0,,,,,
171,KORHOGO 1,2018,990.0,1856.0,5244.0,1562.0,13137,4625,2800.0,837.0,77.0,64.0,107.0,1944.0,5203.0,15915.0,5062.0,673.0,4066.0,9183.0,26063.0,10971.0,,3118.0,,10371.0,7991.0
172,KORHOGO 1,2017,428.0,1528.0,5978.0,1203.0,14414,4525,2882.0,372.0,122.0,54.0,77.0,1440.0,3952.0,14094.0,1978.0,457.0,3807.0,10865.0,22264.0,13196.0,,3198.0,,10926.0,17150.0
173,KORHOGO 1,2016,206.0,855.0,6531.0,910.0,11031,2864,1607.0,171.0,70.0,25.0,54.0,873.0,5701.0,11776.0,3112.0,260.0,2559.0,9515.0,16700.0,9516.0,,681.0,,3765.0,2784.0
174,KORHOGO 2,2018,9.0,301.0,126.0,71.0,2100,646,27.0,8.0,1.0,,,320.0,205.0,2747.0,175.0,2.0,1207.0,796.0,4606.0,1967.0,,962.0,,2169.0,1799.0
175,KORHOGO 2,2017,,213.0,141.0,36.0,1863,642,5.0,5.0,,5.0,,203.0,156.0,2400.0,66.0,,755.0,571.0,3857.0,1902.0,,723.0,,1887.0,1840.0
176,KORHOGO 2,2016,13.0,222.0,96.0,53.0,1424,627,23.0,4.0,,1.0,6.0,168.0,120.0,1842.0,411.0,21.0,447.0,766.0,2505.0,900.0,,241.0,,728.0,296.0
177,KORO,2018,1719.0,225.0,2.0,1.0,2231,378,189.0,108.0,,,,235.0,2.0,687.0,235.0,,470.0,2.0,2091.0,501.0,,560.0,,2135.0,520.0
178,KORO,2017,786.0,157.0,3.0,2.0,1092,294,157.0,69.0,,,,167.0,3.0,822.0,1128.0,,345.0,53.0,2597.0,3423.0,,431.0,,2300.0,3501.0
179,KORO,2016,332.0,77.0,21.0,8.0,471,168,70.0,14.0,,,,95.0,11.0,658.0,562.0,,223.0,49.0,819.0,916.0,,173.0,,292.0,707.0
180,KOUASSI KOUASSIKRO,2018,35.0,13.0,132.0,31.0,303,96,88.0,40.0,,,,8.0,160.0,287.0,59.0,,44.0,229.0,348.0,96.0,,64.0,,304.0,78.0
181,KOUASSI KOUASSIKRO,2017,8.0,5.0,55.0,11.0,254,89,78.0,43.0,,,,,56.0,331.0,77.0,,10.0,85.0,430.0,90.0,,15.0,,270.0,548.0
182,KOUASSI KOUASSIKRO,2016,,,102.0,73.0,166,146,78.0,82.0,,6.0,6.0,,148.0,281.0,99.0,6.0,,218.0,316.0,165.0,,,,,
183,KOUIBLY,2018,11179.0,795.0,1149.0,58.0,14090,1580,1156.0,197.0,80.0,6.0,4.0,393.0,76.0,2145.0,3390.0,6.0,742.0,110.0,3016.0,4210.0,,1685.0,,2508.0,8219.0
184,KOUIBLY,2017,7011.0,682.0,832.0,89.0,7633,947,329.0,83.0,,7.0,,413.0,103.0,1814.0,2007.0,9.0,593.0,169.0,2607.0,4909.0,,670.0,,2124.0,7932.0
185,KOUIBLY,2016,207.0,614.0,253.0,238.0,2097,864,227.0,69.0,,5.0,6.0,373.0,203.0,1820.0,3218.0,25.0,475.0,346.0,2280.0,10206.0,,221.0,,959.0,5116.0
186,KOUMASSI,2018,457.0,964.0,5953.0,1094.0,4853,1308,4902.0,655.0,149.0,179.0,155.0,972.0,6271.0,3206.0,13406.0,1131.0,2542.0,23354.0,7690.0,57007.0,,2106.0,,4308.0,46012.0
187,KOUMASSI,2017,919.0,1643.0,1760.0,290.0,6959,1606,5328.0,427.0,283.0,221.0,276.0,1298.0,1444.0,5919.0,13751.0,2082.0,3071.0,24698.0,17278.0,48806.0,,2631.0,,13675.0,40674.0
188,KOUMASSI,2016,73.0,634.0,1536.0,322.0,5774,1484,6260.0,369.0,51.0,207.0,206.0,696.0,1850.0,5216.0,15667.0,1980.0,2803.0,19040.0,26495.0,37092.0,,,,,
189,KOUN-FAO,2018,24.0,56.0,1042.0,168.0,4479,697,1042.0,162.0,16.0,3.0,16.0,57.0,482.0,2428.0,1752.0,32.0,405.0,1836.0,3028.0,2361.0,,267.0,,2255.0,3132.0
190,KOUN-FAO,2017,20.0,53.0,1051.0,171.0,4084,832,1049.0,194.0,13.0,5.0,9.0,51.0,751.0,2365.0,1411.0,,189.0,1248.0,3241.0,2397.0,,261.0,,2570.0,3170.0
191,KOUN-FAO,2016,3.0,121.0,717.0,217.0,3602,754,1197.0,186.0,9.0,11.0,11.0,123.0,496.0,2120.0,1210.0,14.0,150.0,766.0,3245.0,1683.0,,,,,
192,KOUNAHIRI,2018,489.0,168.0,78.0,21.0,858,358,60.0,15.0,27.0,5.0,7.0,164.0,101.0,687.0,29.0,10.0,187.0,163.0,384.0,28.0,,365.0,,398.0,175.0
193,KOUNAHIRI,2017,183.0,161.0,81.0,61.0,719,284,10.0,7.0,26.0,15.0,,153.0,121.0,424.0,22.0,,192.0,132.0,546.0,47.0,,427.0,,374.0,66.0
194,KOUNAHIRI,2016,28.0,100.0,40.0,38.0,566,220,4.0,18.0,,,3.0,112.0,68.0,267.0,21.0,19.0,176.0,135.0,270.0,270.0,,,,,
195,KOUTO,2018,53.0,368.0,276.0,128.0,1573,948,70.0,42.0,,,,355.0,338.0,1918.0,97.0,3.0,972.0,1232.0,3103.0,301.0,,788.0,,2066.0,211.0
196,KOUTO,2017,49.0,278.0,119.0,120.0,1257,817,29.0,40.0,,,,279.0,232.0,1627.0,74.0,,939.0,1291.0,2916.0,602.0,,654.0,,1884.0,504.0
197,KOUTO,2016,15.0,108.0,124.0,97.0,765,324,245.0,10.0,,,,67.0,192.0,698.0,42.0,,935.0,877.0,1020.0,218.0,,479.0,,350.0,88.0
198,LAKOTA,2018,2452.0,566.0,1058.0,295.0,3362,859,884.0,116.0,55.0,17.0,46.0,415.0,976.0,1865.0,1516.0,,1034.0,1691.0,2723.0,3645.0,,1332.0,,2406.0,4230.0
199,LAKOTA,2017,1913.0,479.0,609.0,229.0,3036,923,525.0,119.0,109.0,5.0,5.0,354.0,703.0,2101.0,1275.0,24.0,727.0,2650.0,2808.0,3603.0,,984.0,,2565.0,3426.0
200,LAKOTA,2016,288.0,398.0,913.0,301.0,2236,727,309.0,230.0,13.0,4.0,6.0,313.0,1040.0,2054.0,1081.0,,438.0,2080.0,2114.0,3760.0,,260.0,,1662.0,3745.0
201,M'BATTO,2018,277.0,101.0,57.0,9.0,2681,546,1276.0,170.0,,5.0,,53.0,67.0,1398.0,1175.0,,92.0,133.0,1474.0,1459.0,,168.0,,897.0,1450.0
202,M'BATTO,2017,46.0,26.0,73.0,26.0,2062,373,728.0,131.0,,,12.0,4.0,102.0,1326.0,1010.0,,10.0,260.0,1220.0,1195.0,,26.0,,777.0,1077.0
203,M'BATTO,2016,5.0,36.0,159.0,45.0,1351,407,489.0,113.0,,,24.0,,227.0,1033.0,2897.0,43.0,,629.0,1540.0,1913.0,,,,,
204,M'BENGUE,2018,64.0,160.0,195.0,95.0,1573,849,35.0,15.0,,,20.0,166.0,297.0,2472.0,75.0,28.0,425.0,654.0,3636.0,545.0,,376.0,,1773.0,636.0
205,M'BENGUE,2017,4.0,90.0,254.0,98.0,1629,554,26.0,17.0,,,,84.0,345.0,2200.0,171.0,,219.0,651.0,3041.0,130.0,,272.0,,2272.0,437.0
206,M'BENGUE,2016,,50.0,203.0,113.0,1411,561,40.0,8.0,,2.0,28.0,47.0,303.0,1871.0,261.0,12.0,156.0,608.0,2445.0,129.0,,78.0,,920.0,47.0
207,MADINANI,2018,4054.0,203.0,134.0,12.0,2122,110,40.0,4.0,208.0,4.0,,191.0,16.0,282.0,1428.0,,382.0,,330.0,32.0,,826.0,,704.0,1086.0
208,MADINANI,2017,2424.0,242.0,41.0,10.0,1506,150,17.0,4.0,25.0,,,207.0,26.0,257.0,43.0,,292.0,70.0,397.0,75.0,,389.0,,580.0,388.0
209,MADINANI,2016,333.0,215.0,77.0,17.0,612,157,81.0,44.0,12.0,3.0,5.0,187.0,26.0,273.0,75.0,8.0,282.0,161.0,374.0,216.0,,10.0,,35.0,
210,MAN,2018,3592.0,1270.0,3918.0,544.0,7565,1880,1207.0,229.0,426.0,136.0,103.0,1005.0,1326.0,4420.0,2698.0,266.0,2012.0,2225.0,6081.0,7941.0,,1904.0,,4281.0,7492.0
211,MAN,2017,1392.0,778.0,662.0,218.0,6726,1503,784.0,151.0,14.0,97.0,44.0,647.0,799.0,3620.0,4676.0,103.0,1315.0,1362.0,5341.0,11193.0,,1087.0,,3483.0,11619.0
212,MAN,2016,702.0,882.0,482.0,252.0,5336,1424,660.0,226.0,,20.0,4.0,240.0,213.0,2268.0,2042.0,5.0,541.0,779.0,4188.0,3468.0,,,,,
213,MANKONO,2018,3035.0,1361.0,28.0,41.0,1394,906,16.0,16.0,84.0,28.0,10.0,701.0,69.0,1735.0,37.0,70.0,1458.0,793.0,3067.0,393.0,,1090.0,,2017.0,5122.0
214,MANKONO,2017,1171.0,563.0,67.0,51.0,1247,907,26.0,59.0,314.0,41.0,3.0,440.0,89.0,1449.0,12.0,42.0,904.0,192.0,2422.0,71.0,,545.0,,1370.0,2798.0
215,MANKONO,2016,475.0,448.0,81.0,77.0,1129,823,114.0,33.0,20.0,9.0,40.0,260.0,140.0,1017.0,62.0,33.0,457.0,392.0,1280.0,225.0,,,,,
216,MBAHIAKRO,2018,1214.0,115.0,132.0,44.0,1412,388,837.0,256.0,18.0,,,112.0,181.0,1573.0,1512.0,72.0,488.0,840.0,3655.0,4630.0,,791.0,,4647.0,15153.0
217,MBAHIAKRO,2017,608.0,125.0,304.0,51.0,1349,393,1135.0,319.0,,,7.0,185.0,178.0,1393.0,1258.0,12.0,406.0,706.0,2743.0,3971.0,,516.0,,3684.0,5979.0
218,MBAHIAKRO,2016,354.0,57.0,1050.0,160.0,3833,325,2454.0,278.0,12.0,7.0,,84.0,763.0,1089.0,1964.0,6.0,107.0,666.0,811.0,1577.0,,,,,
219,MEAGUI,2018,726.0,1512.0,352.0,140.0,3730,1461,576.0,173.0,198.0,179.0,189.0,1665.0,619.0,4440.0,2531.0,680.0,3036.0,1712.0,6152.0,3800.0,,2340.0,,3416.0,2575.0
220,MEAGUI,2017,722.0,789.0,183.0,80.0,2569,864,765.0,154.0,11.0,93.0,103.0,1018.0,416.0,3111.0,1962.0,573.0,2029.0,1504.0,4452.0,4215.0,,1805.0,,2937.0,3212.0
221,MEAGUI,2016,236.0,390.0,278.0,84.0,1804,762,420.0,132.0,6.0,26.0,15.0,413.0,348.0,2213.0,1465.0,212.0,975.0,703.0,2698.0,2750.0,,,,,
222,MINIGNAN,2018,5276.0,200.0,25.0,2.0,4763,187,5.0,5.0,,,,47.0,,106.0,,,132.0,,271.0,,,144.0,,255.0,490.0
223,MINIGNAN,2017,5534.0,244.0,97.0,,4766,293,3.0,2.0,,,,119.0,,181.0,70.0,,174.0,,237.0,,,183.0,,239.0,315.0
224,MINIGNAN,2016,1704.0,162.0,53.0,7.0,2022,273,1.0,2.0,114.0,23.0,3.0,161.0,1.0,442.0,35.0,,260.0,15.0,784.0,,,134.0,,258.0,1050.0
225,NASSIAN,2018,3.0,196.0,82.0,62.0,743,632,142.0,57.0,,1.0,,218.0,123.0,1378.0,497.0,2.0,441.0,372.0,1987.0,1336.0,,505.0,,1324.0,1815.0
226,NASSIAN,2017,21.0,101.0,7.0,19.0,288,370,153.0,53.0,,6.0,,128.0,21.0,608.0,479.0,,221.0,182.0,771.0,829.0,,199.0,,972.0,1671.0
227,NASSIAN,2016,2.0,327.0,19.0,36.0,399,426,194.0,101.0,,,5.0,316.0,72.0,664.0,853.0,10.0,420.0,168.0,1235.0,2452.0,,98.0,,727.0,919.0
228,NIAKARAMADOUGOU,2018,10978.0,1060.0,1358.0,43.0,22567,1485,1679.0,97.0,518.0,43.0,82.0,909.0,227.0,3186.0,2511.0,130.0,1875.0,1457.0,6972.0,103765.0,,2774.0,,3629.0,91257.0
229,NIAKARAMADOUGOU,2017,12902.0,593.0,2964.0,57.0,23663,1259,2699.0,98.0,947.0,31.0,32.0,602.0,291.0,2988.0,1589.0,159.0,1038.0,1547.0,5960.0,77950.0,,1154.0,,4156.0,80849.0
230,NIAKARAMADOUGOU,2016,23226.0,494.0,8627.0,104.0,34696,1099,7208.0,119.0,236.0,22.0,24.0,375.0,385.0,2812.0,502.0,236.0,549.0,1557.0,4018.0,1983.0,,,,,
231,ODIENNE,2018,10567.0,907.0,98.0,22.0,10039,909,2152.0,68.0,18.0,1.0,,591.0,52.0,1637.0,678.0,,965.0,66.0,2625.0,1146.0,,1566.0,,3706.0,5207.0
232,ODIENNE,2017,5635.0,1916.0,1307.0,123.0,5752,1051,1847.0,173.0,49.0,2.0,,573.0,92.0,1430.0,485.0,66.0,564.0,83.0,2346.0,758.0,,1281.0,,1905.0,2029.0
233,ODIENNE,2016,539.0,362.0,630.0,166.0,1947,698,316.0,80.0,27.0,1.0,,192.0,240.0,1023.0,163.0,,267.0,204.0,1215.0,248.0,,20.0,,104.0,7.0
234,OUANGOLODOUGOU,2018,400.0,374.0,936.0,350.0,475882,1465,110.0,76.0,160.0,32.0,,229.0,577.0,3406.0,49.0,,454.0,1639.0,4737.0,30.0,,1193.0,,4282.0,1598.0
235,OUANGOLODOUGOU,2017,403.0,268.0,255.0,179.0,2902,1479,59.0,42.0,189.0,78.0,,157.0,252.0,2637.0,20.0,,334.0,372.0,3048.0,26.0,,206.0,,997.0,60.0
236,OUANGOLODOUGOU,2016,168.0,297.0,401.0,279.0,2137,1050,113.0,96.0,81.0,54.0,1.0,180.0,342.0,1413.0,247.0,5.0,308.0,539.0,1593.0,385.0,,76.0,,346.0,44.0
237,OUANINOU,2018,1302.0,126.0,12.0,3.0,2207,158,144.0,6.0,,,,55.0,,165.0,32.0,,81.0,,254.0,74.0,,97.0,,225.0,130.0
238,OUANINOU,2017,949.0,111.0,19.0,2.0,1235,134,96.0,3.0,,,1.0,39.0,1.0,98.0,2.0,,111.0,11.0,206.0,92.0,,156.0,,231.0,137.0
239,OUANINOU,2016,83.0,55.0,21.0,5.0,323,100,35.0,16.0,,2.0,,11.0,2.0,93.0,17.0,10.0,68.0,119.0,184.0,225.0,,45.0,,99.0,80.0
240,OUME,2018,2115.0,334.0,1142.0,235.0,8200,1044,3588.0,182.0,145.0,7.0,5.0,374.0,691.0,3904.0,5155.0,89.0,1388.0,2070.0,6653.0,11648.0,,1217.0,,4540.0,9119.0
241,OUME,2017,493.0,277.0,765.0,244.0,3579,1036,1194.0,264.0,9.0,40.0,19.0,225.0,672.0,3384.0,1567.0,98.0,595.0,1752.0,5090.0,4361.0,,474.0,,2257.0,3063.0
242,OUME,2016,,58.0,1055.0,247.0,2169,728,848.0,251.0,,16.0,12.0,52.0,780.0,1490.0,1251.0,12.0,67.0,1190.0,1860.0,3713.0,,,,,
243,PORT-BOUET-VRIDI,2018,568.0,719.0,2452.0,313.0,11088,1654,2110.0,296.0,228.0,159.0,456.0,986.0,3436.0,9564.0,4502.0,974.0,2865.0,11408.0,17096.0,27920.0,,3739.0,,14208.0,30203.0
244,PORT-BOUET-VRIDI,2017,947.0,886.0,3059.0,392.0,6176,1374,1639.0,485.0,126.0,254.0,445.0,1206.0,5243.0,9080.0,4998.0,1417.0,1886.0,27444.0,22245.0,40773.0,,1751.0,,17326.0,42095.0
245,PORT-BOUET-VRIDI,2016,442.0,162.0,2406.0,244.0,3902,1160,783.0,150.0,65.0,46.0,199.0,718.0,7035.0,7263.0,3270.0,1101.0,1952.0,26750.0,23786.0,89663.0,,,,,
246,PRIKRO,2018,1182.0,211.0,114.0,6.0,2196,547,176.0,38.0,,,,147.0,13.0,1000.0,376.0,,627.0,54.0,1847.0,1154.0,,577.0,,1212.0,1396.0
247,PRIKRO,2017,1284.0,231.0,89.0,29.0,2072,428,232.0,65.0,3.0,12.0,,195.0,45.0,939.0,559.0,,549.0,150.0,1629.0,2014.0,,360.0,,963.0,1558.0
248,PRIKRO,2016,630.0,411.0,269.0,14.0,1569,487,489.0,78.0,1.0,2.0,2.0,325.0,81.0,1101.0,1321.0,14.0,560.0,317.0,1718.0,4034.0,,,,,
249,SAKASSOU,2018,1024.0,499.0,607.0,146.0,2325,744,612.0,157.0,,14.0,8.0,396.0,637.0,2873.0,2764.0,43.0,523.0,878.0,2590.0,2761.0,,2337.0,,4306.0,4277.0
250,SAKASSOU,2017,759.0,367.0,442.0,141.0,2076,660,680.0,159.0,1.0,19.0,11.0,340.0,660.0,2601.0,2026.0,38.0,571.0,929.0,3127.0,2859.0,,1347.0,,3144.0,7512.0
251,SAKASSOU,2016,1449.0,345.0,359.0,110.0,1816,611,616.0,182.0,,6.0,,310.0,450.0,2094.0,2195.0,,1163.0,581.0,2085.0,2474.0,,,,,
252,SAN-PEDRO,2018,2464.0,2613.0,5953.0,893.0,5778,2055,3543.0,516.0,133.0,124.0,159.0,2538.0,6574.0,6692.0,10523.0,851.0,5624.0,16321.0,16423.0,32557.0,,4629.0,,11379.0,25977.0
253,SAN-PEDRO,2017,1380.0,3636.0,3273.0,546.0,8792,2844,3142.0,540.0,80.0,119.0,137.0,2425.0,3599.0,8786.0,11077.0,536.0,4553.0,9540.0,15497.0,32829.0,,3705.0,,10122.0,28025.0
254,SAN-PEDRO,2016,1052.0,2053.0,5871.0,648.0,8192,2082,3661.0,540.0,106.0,80.0,173.0,1918.0,3766.0,7345.0,10454.0,656.0,3367.0,9249.0,13506.0,25094.0,,11.0,,64.0,28.0
255,SANDEGUE,2018,,101.0,64.0,29.0,717,293,148.0,108.0,,15.0,15.0,92.0,70.0,951.0,395.0,105.0,582.0,250.0,1720.0,1370.0,,552.0,,1060.0,939.0
256,SANDEGUE,2017,71.0,108.0,222.0,23.0,1076,424,173.0,100.0,,5.0,,101.0,77.0,1013.0,310.0,5.0,463.0,286.0,1575.0,729.0,,585.0,,1192.0,814.0
257,SANDEGUE,2016,5.0,67.0,227.0,27.0,906,291,25.0,13.0,33.0,17.0,1.0,63.0,115.0,521.0,17.0,2.0,380.0,152.0,850.0,113.0,,117.0,,206.0,143.0
258,SASSANDRA,2018,847.0,687.0,228.0,88.0,2555,1086,389.0,97.0,11.0,8.0,18.0,663.0,335.0,2954.0,875.0,30.0,1517.0,955.0,4075.0,2480.0,,1492.0,,2717.0,2218.0
259,SASSANDRA,2017,1774.0,732.0,483.0,142.0,2376,934,207.0,145.0,10.0,12.0,4.0,613.0,499.0,2242.0,573.0,38.0,1328.0,1201.0,3425.0,1768.0,,1282.0,,2165.0,2020.0
260,SASSANDRA,2016,84.0,787.0,613.0,293.0,2029,869,211.0,107.0,8.0,39.0,42.0,528.0,895.0,2343.0,517.0,58.0,1345.0,2488.0,3699.0,3552.0,,,,,
261,SEGUELA,2018,855.0,597.0,220.0,69.0,2936,1222,449.0,98.0,14.0,70.0,42.0,557.0,137.0,2622.0,1744.0,90.0,1294.0,115.0,4057.0,2361.0,,1672.0,,6309.0,11828.0
262,SEGUELA,2017,727.0,532.0,194.0,72.0,2670,1375,354.0,81.0,149.0,66.0,45.0,454.0,178.0,2774.0,754.0,70.0,724.0,252.0,4753.0,10308.0,,767.0,,5395.0,13450.0
263,SEGUELA,2016,348.0,434.0,220.0,111.0,1900,1151,670.0,80.0,46.0,27.0,7.0,272.0,114.0,1186.0,796.0,12.0,437.0,324.0,2023.0,2360.0,,,,,
264,SIKENSI,2018,148.0,153.0,734.0,195.0,1930,453,433.0,107.0,13.0,32.0,,205.0,829.0,2510.0,8114.0,,423.0,1475.0,3876.0,14475.0,,313.0,,1986.0,8552.0
265,SIKENSI,2017,228.0,116.0,356.0,75.0,2401,637,479.0,101.0,,,,122.0,452.0,2623.0,6320.0,,172.0,1037.0,3474.0,10295.0,,121.0,,1472.0,5418.0
266,SIKENSI,2016,29.0,139.0,961.0,235.0,1958,564,526.0,186.0,,,,138.0,1378.0,2422.0,3593.0,,153.0,1528.0,2640.0,4512.0,,,,,
267,SINEMATIALI,2018,15.0,350.0,27.0,15.0,2582,677,3.0,16.0,,,6.0,346.0,39.0,2349.0,56.0,,506.0,89.0,3032.0,107.0,,431.0,,1426.0,167.0
268,SINEMATIALI,2017,1.0,310.0,31.0,10.0,2535,686,11.0,16.0,,,,285.0,36.0,2407.0,37.0,,647.0,94.0,2789.0,100.0,,615.0,,1084.0,109.0
269,SINEMATIALI,2016,,137.0,16.0,8.0,1463,510,12.0,4.0,,,,121.0,23.0,1734.0,126.0,,206.0,38.0,2026.0,164.0,,70.0,,520.0,36.0
270,SINFRA,2018,467.0,798.0,690.0,254.0,4422,1404,1652.0,960.0,4.0,14.0,17.0,834.0,955.0,3932.0,4175.0,52.0,969.0,1622.0,3425.0,11482.0,,1669.0,,5109.0,27774.0
271,SINFRA,2017,411.0,393.0,659.0,207.0,4825,2812,6287.0,8376.0,18.0,10.0,3.0,310.0,818.0,4030.0,4278.0,66.0,602.0,1393.0,3233.0,2285.0,,462.0,,1622.0,3265.0
272,SINFRA,2016,225.0,326.0,1490.0,296.0,2962,1003,1219.0,234.0,,10.0,5.0,247.0,1583.0,1788.0,3737.0,3.0,235.0,2433.0,2429.0,8890.0,,,,,
273,SOUBRE,2018,6823.0,2128.0,463.0,210.0,5288,1977,968.0,208.0,155.0,35.0,44.0,1881.0,680.0,5980.0,3056.0,204.0,3128.0,1418.0,6820.0,5740.0,,3228.0,,6865.0,5105.0
274,SOUBRE,2017,18120.0,1453.0,498.0,195.0,4606,1733,1026.0,276.0,629.0,26.0,54.0,1282.0,678.0,4932.0,3707.0,235.0,2203.0,1311.0,6347.0,7338.0,,1927.0,,3468.0,4397.0
275,SOUBRE,2016,13589.0,961.0,731.0,146.0,3356,1261,1251.0,264.0,478.0,5.0,3.0,1006.0,875.0,4200.0,4339.0,117.0,1545.0,1294.0,6694.0,5886.0,,8.0,,30.0,44.0
276,TABOU,2018,176.0,835.0,548.0,3050.0,3569,1368,255.0,200.0,17.0,47.0,45.0,626.0,719.0,3174.0,1537.0,72.0,736.0,910.0,2710.0,1801.0,,1633.0,,2828.0,8375.0
277,TABOU,2017,449.0,993.0,538.0,266.0,3192,1368,283.0,184.0,1.0,24.0,52.0,857.0,780.0,3089.0,3266.0,13.0,808.0,928.0,2947.0,1286.0,,1496.0,,2657.0,7966.0
278,TABOU,2016,436.0,552.0,802.0,363.0,2683,1212,280.0,126.0,37.0,17.0,5.0,412.0,987.0,2056.0,675.0,33.0,691.0,1179.0,2637.0,1202.0,,,,,
279,TAI,2018,612.0,199.0,282.0,47.0,2827,453,283.0,51.0,1.0,8.0,,260.0,130.0,1766.0,295.0,,2230.0,318.0,3606.0,1515.0,,2093.0,,2087.0,1246.0
280,TAI,2017,154.0,96.0,168.0,59.0,1976,392,150.0,72.0,,,,138.0,229.0,1549.0,531.0,,422.0,506.0,2863.0,742.0,,373.0,,1637.0,1211.0
281,TAI,2016,78.0,49.0,178.0,65.0,1181,314,116.0,77.0,,,,48.0,243.0,1529.0,376.0,,187.0,618.0,3102.0,1193.0,,45.0,,452.0,231.0
282,TANDA,2018,106.0,143.0,565.0,89.0,1370,242,381.0,99.0,,4.0,4.0,168.0,456.0,1189.0,1008.0,13.0,183.0,369.0,1163.0,765.0,,204.0,,2127.0,2114.0
283,TANDA,2017,71.0,143.0,685.0,124.0,1678,308,408.0,86.0,1.0,,1.0,144.0,593.0,1341.0,965.0,,142.0,742.0,1195.0,1189.0,,230.0,,1673.0,3178.0
284,TANDA,2016,41.0,131.0,637.0,135.0,1544,270,446.0,145.0,,5.0,5.0,128.0,594.0,1105.0,975.0,23.0,151.0,871.0,1268.0,1130.0,,,,,
285,TEHINI,2018,12.0,138.0,21.0,22.0,521,322,19.0,3.0,,9.0,,134.0,25.0,813.0,174.0,9.0,413.0,119.0,1448.0,689.0,,246.0,,719.0,515.0
286,TEHINI,2017,13.0,77.0,7.0,14.0,260,259,23.0,9.0,,,2.0,73.0,35.0,446.0,43.0,45.0,178.0,100.0,843.0,101.0,,85.0,,590.0,55.0
287,TEHINI,2016,118.0,25.0,77.0,37.0,144,65,19.0,4.0,5.0,2.0,,23.0,52.0,176.0,27.0,,100.0,170.0,359.0,56.0,,,,,
288,TENGRELA,2018,4991.0,904.0,169.0,369.0,7307,2410,754.0,356.0,30.0,10.0,7.0,431.0,450.0,1365.0,305.0,97.0,750.0,648.0,2267.0,416.0,,330.0,,926.0,81.0
289,TENGRELA,2017,2788.0,359.0,45.0,71.0,3588,1248,133.0,168.0,135.0,6.0,,178.0,64.0,939.0,5.0,5.0,455.0,229.0,1521.0,37.0,,271.0,,648.0,32.0
290,TENGRELA,2016,100.0,310.0,171.0,206.0,1075,914,195.0,294.0,21.0,42.0,,72.0,106.0,1073.0,325.0,,152.0,329.0,1404.0,1118.0,,,,10.0,
291,TIAPOUM,2018,3.0,12.0,205.0,48.0,1104,193,163.0,29.0,,6.0,,11.0,113.0,309.0,283.0,,94.0,444.0,425.0,682.0,,94.0,,815.0,790.0
292,TIAPOUM,2017,93.0,18.0,353.0,86.0,968,189,171.0,10.0,,,,7.0,380.0,137.0,264.0,,14.0,1035.0,358.0,533.0,,7.0,,467.0,328.0
293,TIAPOUM,2016,,,287.0,75.0,621,157,160.0,37.0,,,,,304.0,61.0,663.0,,,976.0,237.0,1796.0,,,,,
294,TIASSALE,2018,197.0,368.0,1001.0,449.0,4221,1279,1489.0,196.0,16.0,22.0,57.0,369.0,685.0,4287.0,3060.0,596.0,1014.0,1258.0,4925.0,7684.0,,1058.0,,2193.0,11039.0
295,TIASSALE,2017,177.0,318.0,1174.0,328.0,4108,1267,1343.0,309.0,59.0,31.0,36.0,318.0,734.0,4708.0,6176.0,482.0,1090.0,1808.0,5325.0,8304.0,,1047.0,,2280.0,7437.0
296,TIASSALE,2016,136.0,339.0,1246.0,469.0,4061,1349,1853.0,791.0,18.0,6.0,67.0,331.0,771.0,3153.0,8582.0,414.0,671.0,1607.0,4144.0,14500.0,,,,,
297,TIEBISSOU,2018,208.0,354.0,299.0,151.0,2508,1324,345.0,220.0,,6.0,4.0,329.0,389.0,3332.0,1661.0,106.0,961.0,754.0,4746.0,3539.0,,774.0,,2548.0,2197.0
298,TIEBISSOU,2017,299.0,246.0,704.0,163.0,2453,865,414.0,153.0,,2.0,,244.0,326.0,2555.0,1511.0,16.0,659.0,1098.0,3866.0,2946.0,,517.0,,2941.0,1829.0
299,TIEBISSOU,2016,445.0,158.0,731.0,193.0,1833,588,657.0,205.0,,1.0,,136.0,279.0,1568.0,862.0,14.0,355.0,571.0,2766.0,1552.0,,146.0,,1325.0,472.0
300,TOUBA,2018,6835.0,409.0,23.0,,19266,1714,6528.0,151.0,62.0,7.0,,173.0,4.0,1122.0,4496.0,,444.0,117.0,1569.0,8624.0,,914.0,,3933.0,181880.0
301,TOUBA,2017,2083.0,398.0,1927.0,61.0,11784,947,5118.0,204.0,13.0,31.0,2.0,363.0,10.0,1086.0,7549.0,231.0,512.0,90.0,1729.0,9022.0,,497.0,,2875.0,109106.0
302,TOUBA,2016,770.0,188.0,117.0,5.0,4961,1057,2018.0,354.0,,,,173.0,18.0,1445.0,20277.0,,293.0,110.0,1871.0,20829.0,,305.0,,1812.0,43522.0
303,TOULEUPLEU,2018,69.0,70.0,89.0,9.0,848,312,98.0,16.0,,1.0,,75.0,38.0,703.0,103.0,,211.0,130.0,1235.0,504.0,,202.0,,870.0,450.0
304,TOULEUPLEU,2017,62.0,38.0,52.0,13.0,642,252,56.0,39.0,7.0,1.0,,26.0,45.0,558.0,388.0,,52.0,87.0,835.0,1259.0,,71.0,,670.0,3707.0
305,TOULEUPLEU,2016,17.0,36.0,57.0,37.0,511,219,61.0,36.0,,2.0,,44.0,92.0,604.0,88.0,,57.0,231.0,954.0,1182.0,,3.0,,10.0,5.0
306,TOUMODI,2018,93.0,462.0,1954.0,374.0,5336,1421,2604.0,401.0,,34.0,45.0,479.0,2068.0,6799.0,6908.0,202.0,1801.0,5970.0,13308.0,9665.0,,1745.0,,8987.0,7486.0
307,TOUMODI,2017,135.0,352.0,1851.0,492.0,4898,1189,2849.0,483.0,,6.0,6.0,355.0,2309.0,6114.0,6665.0,130.0,1685.0,6417.0,9362.0,11312.0,,1613.0,,5009.0,7373.0
308,TOUMODI,2016,8.0,317.0,1733.0,480.0,5040,1186,3589.0,527.0,,6.0,3.0,296.0,2153.0,5947.0,7653.0,276.0,952.0,4859.0,8333.0,11947.0,,,,,
309,TRANSUA,2018,1.0,23.0,1152.0,135.0,3069,592,945.0,144.0,,1.0,,25.0,496.0,1853.0,424.0,,34.0,579.0,1795.0,697.0,,110.0,,1866.0,775.0
310,TRANSUA,2017,4.0,34.0,924.0,171.0,2695,526,668.0,147.0,,2.0,2.0,31.0,749.0,1777.0,406.0,52.0,41.0,924.0,1586.0,735.0,,27.0,,1377.0,838.0
311,TRANSUA,2016,,86.0,584.0,149.0,2289,495,452.0,117.0,,,,87.0,455.0,1515.0,409.0,,65.0,710.0,1013.0,544.0,,,,,
312,TREICHVILLE-MARCORY,2018,823.0,776.0,4931.0,470.0,6970,1171,4143.0,462.0,403.0,106.0,471.0,1330.0,5443.0,6867.0,13525.0,1425.0,3759.0,16476.0,22064.0,38958.0,,4114.0,,27122.0,49501.0
313,TREICHVILLE-MARCORY,2017,2250.0,712.0,3333.0,213.0,10746,1458,5045.0,345.0,301.0,38.0,264.0,2236.0,2401.0,7628.0,11934.0,822.0,3752.0,14757.0,20354.0,24780.0,,2852.0,,9620.0,26655.0
314,TREICHVILLE-MARCORY,2016,2339.0,736.0,4945.0,454.0,12410,1652,6423.0,499.0,411.0,81.0,374.0,1334.0,3268.0,9826.0,19807.0,1884.0,5656.0,35507.0,37520.0,48313.0,,,,,
315,VAVOUA,2018,329.0,1611.0,228.0,199.0,3740,2185,120.0,148.0,3.0,23.0,26.0,1297.0,372.0,4684.0,878.0,62.0,1456.0,808.0,5004.0,2091.0,,1818.0,,5178.0,4564.0
316,VAVOUA,2017,861.0,510.0,533.0,175.0,5288,1476,220.0,95.0,42.0,17.0,7.0,530.0,386.0,3714.0,488.0,1.0,336.0,655.0,4352.0,545.0,,595.0,,4966.0,1172.0
317,VAVOUA,2016,537.0,226.0,834.0,275.0,4481,1045,246.0,114.0,8.0,18.0,10.0,134.0,637.0,2139.0,554.0,10.0,165.0,964.0,2741.0,2028.0,,15.0,,788.0,1622.0
318,YAKASSE-ATTOBROU,2018,46.0,256.0,68.0,28.0,1114,289,51.0,29.0,4.0,32.0,10.0,129.0,15.0,883.0,68.0,15.0,63.0,8.0,575.0,54.0,,4.0,,151.0,50.0
319,YAKASSE-ATTOBROU,2017,6.0,68.0,13.0,9.0,832,219,33.0,28.0,,,,33.0,2.0,380.0,104.0,,10.0,,,5.0,,2.0,,,
320,YAKASSE-ATTOBROU,2016,4.0,52.0,10.0,16.0,721,156,45.0,22.0,,2.0,,,,,,,,,,,,,,,
321,YAMOUSSOUKRO,2018,5564.0,1318.0,2164.0,319.0,8655,2378,3868.0,593.0,213.0,32.0,59.0,1327.0,2496.0,10613.0,10783.0,396.0,2563.0,5501.0,14921.0,16750.0,,3841.0,,11298.0,31083.0
322,YAMOUSSOUKRO,2017,3358.0,842.0,1934.0,248.0,7664,1836,4122.0,845.0,93.0,32.0,25.0,895.0,2291.0,9135.0,11107.0,204.0,2007.0,9577.0,12475.0,16056.0,,2441.0,,8196.0,17162.0
323,YAMOUSSOUKRO,2016,5168.0,972.0,2635.0,547.0,7119,2029,4365.0,852.0,87.0,79.0,80.0,803.0,3116.0,8413.0,13957.0,425.0,2737.0,6874.0,13479.0,27344.0,,,,,
324,YOPOUGON-EST,2018,653.0,2697.0,1277.0,356.0,6845,2131,1751.0,438.0,36.0,108.0,103.0,1816.0,863.0,5235.0,3757.0,363.0,2743.0,2585.0,6106.0,5525.0,,2227.0,,4043.0,7342.0
325,YOPOUGON-EST,2017,600.0,3749.0,1296.0,358.0,6515,2234,1739.0,548.0,49.0,169.0,67.0,2361.0,1153.0,3582.0,3759.0,1341.0,2099.0,2430.0,4636.0,8459.0,,1272.0,,2073.0,7931.0
326,YOPOUGON-EST,2016,1279.0,1860.0,1786.0,537.0,5867,1705,1697.0,523.0,97.0,132.0,46.0,810.0,990.0,1322.0,4164.0,383.0,782.0,1945.0,1870.0,3088.0,,,,,
327,YOPOUGON-OUEST SONGON,2018,350.0,2186.0,9359.0,1586.0,9325,2753,5670.0,1468.0,68.0,264.0,143.0,1798.0,10361.0,3434.0,15294.0,1025.0,3774.0,23866.0,6750.0,31127.0,,2490.0,,4932.0,33035.0
328,YOPOUGON-OUEST SONGON,2017,1128.0,2294.0,6152.0,4535.0,12329,5164,12508.0,6255.0,220.0,216.0,329.0,1721.0,9090.0,9363.0,21846.0,1978.0,6697.0,47720.0,36301.0,58786.0,,5601.0,,32457.0,54820.0
329,YOPOUGON-OUEST SONGON,2016,1050.0,1246.0,10349.0,2763.0,12565,3155,11306.0,2710.0,291.0,302.0,472.0,1716.0,12131.0,10773.0,41965.0,2072.0,10972.0,64521.0,57901.0,105333.0,,,,,
330,ZOUAN-HOUNIEN,2018,1670.0,478.0,502.0,193.0,4022,1329,440.0,120.0,107.0,11.0,25.0,382.0,424.0,2731.0,262.0,49.0,724.0,701.0,3927.0,358.0,,754.0,,2603.0,458.0
331,ZOUAN-HOUNIEN,2017,1822.0,474.0,173.0,148.0,3652,959,607.0,112.0,7.0,5.0,17.0,442.0,258.0,2365.0,211.0,13.0,785.0,480.0,3591.0,468.0,,541.0,,1379.0,379.0
332,ZOUAN-HOUNIEN,2016,1409.0,389.0,174.0,135.0,2658,672,599.0,76.0,,1.0,1.0,307.0,299.0,1451.0,458.0,4.0,618.0,445.0,2012.0,1133.0,,,,9.0,
333,ZOUKOUGBEU,2018,38.0,333.0,211.0,72.0,876,548,48.0,24.0,8.0,37.0,36.0,323.0,289.0,1455.0,391.0,46.0,631.0,520.0,1459.0,1006.0,,999.0,,1512.0,1459.0
334,ZOUKOUGBEU,2017,12.0,161.0,197.0,54.0,668,433,124.0,17.0,,,4.0,129.0,351.0,1176.0,309.0,,203.0,731.0,1471.0,713.0,,324.0,,4087.0,1122.0
335,ZOUKOUGBEU,2016,21.0,253.0,107.0,74.0,820,484,31.0,23.0,,,,138.0,300.0,858.0,494.0,,261.0,902.0,1825.0,935.0,,70.0,,998.0,204.0
336,ZUENOULA,2018,176.0,1441.0,424.0,145.0,3368,1826,638.0,396.0,2.0,5.0,3.0,1133.0,491.0,4197.0,2044.0,38.0,1550.0,774.0,4188.0,7006.0,,1560.0,,2069.0,5471.0
337,ZUENOULA,2017,231.0,591.0,502.0,154.0,3677,1611,585.0,505.0,31.0,4.0,4.0,488.0,551.0,3925.0,2703.0,7.0,813.0,1342.0,4377.0,6177.0,,977.0,,2251.0,4270.0
338,ZUENOULA,2016,126.0,270.0,894.0,271.0,4236,1644,1982.0,1746.0,11.0,11.0,9.0,202.0,892.0,3145.0,7902.0,49.0,288.0,2020.0,3544.0,13444.0,,81.0,,770.0,2993.0
