district,month,year,implant_women_old,implant_women_new,injection2_women_old,injection2_women_new,injection3_women_old,injection3_women_new,pill_women_old,pill_women_new,iud_women_old,iud_women_new,iud_number_dispensed,implant_number_dispensed,injection2_number_dispensed,injection3_number_dispensed,pill_number_dispensed,iud_number_received,implant_number_received,injection2_number_received,injection3_number_received,pill_number_received,iud_stock_end,implant_stock_end,injection2_stock_end,injection3_stock_end,pill_stock_end
ABENGOUROU,1,2019,478.0,91.0,103.0,17.0,1278,296,195.0,34.0,,,,75.0,44.0,1082.0,2542.0,,319.0,33.0,1244.0,2846.0,,422.0,,1501.0,3466.0
ABENGOUROU,2,2019,340.0,81.0,126.0,10.0,1237,253,187.0,19.0,9.0,1.0,1.0,66.0,38.0,813.0,557.0,20.0,255.0,17.0,1174.0,2608.0,,394.0,,1535.0,3327.0
ABENGOUROU,3,2019,367.0,59.0,14.0,7.0,1300,224,147.0,26.0,,5.0,5.0,47.0,42.0,819.0,665.0,50.0,214.0,50.0,1050.0,2148.0,,340.0,,1187.0,3636.0
ABENGOUROU,4,2019,583.0,46.0,6.0,1.0,1296,336,200.0,35.0,,3.0,1.0,36.0,66.0,874.0,404.0,45.0,217.0,55.0,824.0,1787.0,,340.0,,889.0,2727.0
ABENGOUROU,5,2019,407.0,60.0,46.0,20.0,1356,281,156.0,24.0,,1.0,1.0,71.0,47.0,813.0,545.0,14.0,321.0,256.0,1032.0,1635.0,,355.0,,604.0,1668.0
ABENGOUROU,6,2019,344.0,53.0,75.0,26.0,1467,204,163.0,27.0,,3.0,3.0,64.0,85.0,827.0,630.0,13.0,240.0,397.0,914.0,1536.0,,54.0,,648.0,2583.0
ABOBO EST,1,2019,1061.0,155.0,140.0,7.0,1483,334,369.0,48.0,311.0,10.0,13.0,73.0,12.0,717.0,327.0,55.0,199.0,40.0,858.0,553.0,,189.0,,501.0,311.0
ABOBO EST,2,2019,914.0,130.0,121.0,3.0,1447,308,239.0,31.0,91.0,10.0,12.0,66.0,,595.0,304.0,50.0,332.0,18.0,918.0,623.0,,299.0,,475.0,601.0
ABOBO EST,3,2019,1007.0,220.0,43.0,45.0,1520,377,177.0,34.0,97.0,22.0,23.0,195.0,,818.0,324.0,69.0,200.0,,1012.0,386.0,,334.0,,584.0,522.0
ABOBO EST,4,2019,924.0,106.0,177.0,20.0,1074,107,183.0,26.0,103.0,1.0,4.0,98.0,18.0,537.0,330.0,46.0,148.0,60.0,566.0,330.0,,264.0,,347.0,516.0
ABOBO EST,5,2019,962.0,114.0,131.0,12.0,1294,130,253.0,31.0,102.0,9.0,4.0,123.0,16.0,804.0,227.0,25.0,230.0,238.0,817.0,266.0,,255.0,,418.0,143.0
ABOBO EST,6,2019,1043.0,187.0,186.0,18.0,1020,126,188.0,38.0,103.0,5.0,3.0,145.0,31.0,353.0,143.0,42.0,249.0,72.0,470.0,260.0,,81.0,,242.0,201.0
ABOBO OUEST,1,2019,94.0,97.0,4.0,,1150,103,242.0,17.0,61.0,13.0,75.0,154.0,2.0,1074.0,398.0,199.0,317.0,10.0,3529.0,3588.0,,223.0,,2721.0,6458.0
ABOBO OUEST,2,2019,131.0,74.0,1.0,,911,104,388.0,20.0,67.0,18.0,72.0,143.0,1.0,757.0,1435.0,128.0,197.0,10.0,2594.0,3302.0,,106.0,,2093.0,4868.0
ABOBO OUEST,3,2019,143.0,90.0,5.0,1.0,935,68,197.0,19.0,48.0,6.0,50.0,226.0,5.0,925.0,481.0,76.0,531.0,13.0,4934.0,2162.0,,308.0,,4274.0,4008.0
ABOBO OUEST,4,2019,163.0,189.0,26.0,1.0,1019,131,204.0,12.0,49.0,10.0,53.0,329.0,27.0,1090.0,635.0,336.0,789.0,1500.0,4432.0,1721.0,,498.0,,3413.0,3979.0
ABOBO OUEST,5,2019,121.0,102.0,36.0,7.0,1046,115,251.0,18.0,59.0,9.0,68.0,206.0,125.0,953.0,1035.0,268.0,516.0,1621.0,3401.0,1223.0,,358.0,,2532.0,1199.0
ABOBO OUEST,6,2019,107.0,45.0,159.0,12.0,858,65,232.0,12.0,50.0,6.0,56.0,143.0,171.0,796.0,576.0,240.0,440.0,1360.0,2528.0,4286.0,,324.0,,1768.0,3736.0
ABOISSO,1,2019,167.0,73.0,24.0,5.0,973,235,122.0,28.0,,,,93.0,19.0,689.0,198.0,2.0,162.0,32.0,869.0,508.0,,209.0,,880.0,368.0
ABOISSO,2,2019,96.0,77.0,16.0,2.0,655,213,88.0,19.0,,1.0,1.0,68.0,13.0,434.0,206.0,2.0,114.0,20.0,436.0,428.0,,235.0,,689.0,389.0
ABOISSO,3,2019,147.0,109.0,22.0,8.0,718,172,109.0,24.0,,,,114.0,29.0,426.0,236.0,2.0,113.0,16.0,255.0,406.0,,217.0,,536.0,360.0
ABOISSO,4,2019,78.0,65.0,28.0,11.0,763,167,81.0,15.0,,,,78.0,46.0,575.0,203.0,2.0,136.0,226.0,758.0,588.0,,213.0,,723.0,565.0
ABOISSO,5,2019,142.0,60.0,32.0,7.0,738,179,94.0,23.0,13.0,1.0,,74.0,34.0,581.0,221.0,2.0,284.0,209.0,777.0,638.0,,354.0,,742.0,658.0
ABOISSO,6,2019,145.0,69.0,163.0,23.0,670,196,115.0,22.0,,,,62.0,172.0,596.0,168.0,2.0,115.0,355.0,630.0,594.0,,331.0,,814.0,655.0
ADIAKE,1,2019,,11.0,43.0,4.0,184,41,32.0,3.0,,,,11.0,44.0,148.0,121.0,5.0,17.0,46.0,140.0,173.0,,6.0,,88.0,19.0
ADIAKE,2,2019,,11.0,3.0,2.0,166,39,20.0,5.0,,,,11.0,5.0,147.0,84.0,5.0,16.0,5.0,110.0,121.0,,5.0,,94.0,51.0
ADIAKE,3,2019,,13.0,2.0,,205,35,21.0,2.0,,,,13.0,2.0,151.0,76.0,5.0,15.0,,117.0,126.0,,2.0,,49.0,82.0
ADIAKE,4,2019,,6.0,23.0,5.0,191,48,22.0,5.0,,,2.0,7.0,29.0,177.0,75.0,5.0,17.0,103.0,154.0,85.0,,10.0,,48.0,45.0
ADIAKE,5,2019,,11.0,53.0,6.0,177,33,36.0,10.0,,,,12.0,52.0,216.0,162.0,3.0,25.0,112.0,224.0,340.0,,13.0,,98.0,177.0
ADIAKE,6,2019,,10.0,31.0,3.0,200,48,18.0,4.0,,1.0,2.0,10.0,31.0,162.0,118.0,3.0,28.0,135.0,214.0,113.0,,18.0,,130.0,45.0
ADJAME-PLATEAU-ATTECOUBE,1,2019,499.0,123.0,214.0,14.0,1747,190,627.0,49.0,40.0,6.0,28.0,171.0,32.0,929.0,1631.0,48.0,454.0,51.0,1154.0,2127.0,,648.0,,1301.0,1884.0
ADJAME-PLATEAU-ATTECOUBE,2,2019,775.0,154.0,200.0,2.0,1822,133,600.0,23.0,52.0,7.0,21.0,221.0,50.0,987.0,782.0,108.0,586.0,83.0,1275.0,3284.0,,845.0,,972.0,2457.0
ADJAME-PLATEAU-ATTECOUBE,3,2019,325.0,146.0,25.0,3.0,872,226,286.0,23.0,34.0,5.0,23.0,143.0,51.0,1004.0,993.0,69.0,430.0,127.0,1670.0,1506.0,,702.0,,1045.0,1397.0
ADJAME-PLATEAU-ATTECOUBE,4,2019,334.0,165.0,38.0,10.0,770,132,267.0,27.0,24.0,11.0,17.0,143.0,42.0,872.0,812.0,71.0,354.0,307.0,1104.0,1302.0,,534.0,,603.0,776.0
ADJAME-PLATEAU-ATTECOUBE,5,2019,345.0,115.0,41.0,13.0,929,131,294.0,39.0,20.0,5.0,6.0,120.0,57.0,968.0,849.0,40.0,490.0,306.0,2306.0,1796.0,,534.0,,1384.0,1206.0
ADJAME-PLATEAU-ATTECOUBE,6,2019,352.0,140.0,44.0,21.0,817,137,219.0,37.0,27.0,7.0,12.0,162.0,151.0,891.0,690.0,37.0,437.0,538.0,1486.0,1407.0,,519.0,,1016.0,1348.0
ADZOPE,1,2019,,28.0,11.0,,360,59,49.0,16.0,6.0,2.0,2.0,86.0,11.0,409.0,178.0,8.0,95.0,36.0,561.0,182.0,,71.0,,391.0,589.0
ADZOPE,2,2019,14.0,98.0,6.0,2.0,269,101,44.0,9.0,3.0,10.0,13.0,110.0,8.0,370.0,108.0,3.0,173.0,27.0,411.0,290.0,,233.0,,1373.0,578.0
ADZOPE,3,2019,21.0,113.0,,,340,97,50.0,8.0,5.0,57.0,8.0,134.0,,413.0,166.0,,91.0,37.0,443.0,262.0,,163.0,,1249.0,700.0
ADZOPE,4,2019,11.0,88.0,58.0,5.0,366,76,61.0,12.0,4.0,2.0,3.0,139.0,57.0,457.0,198.0,,146.0,164.0,618.0,313.0,,181.0,,798.0,634.0
ADZOPE,5,2019,10.0,66.0,49.0,7.0,294,45,55.0,4.0,4.0,,,74.0,49.0,333.0,183.0,,98.0,12.0,320.0,104.0,,191.0,,647.0,564.0
ADZOPE,6,2019,16.0,57.0,57.0,1.0,325,45,46.0,2.0,5.0,,,73.0,58.0,363.0,136.0,,127.0,112.0,431.0,241.0,,183.0,,388.0,296.0
AGBOVILLE,1,2019,53.0,125.0,5.0,2.0,878,220,87.0,12.0,,5.0,8.0,132.0,21.0,994.0,318.0,70.0,169.0,61.0,1115.0,791.0,,87.0,,374.0,721.0
AGBOVILLE,2,2019,57.0,66.0,53.0,11.0,882,141,72.0,27.0,17.0,1.0,6.0,112.0,5.0,1028.0,332.0,9.0,104.0,17.0,1031.0,513.0,,84.0,,576.0,571.0
AGBOVILLE,3,2019,743.0,46.0,2.0,1.0,959,117,69.0,22.0,10.0,,1.0,78.0,3.0,1045.0,175.0,8.0,108.0,20.0,1070.0,192.0,,104.0,,285.0,449.0
AGBOVILLE,4,2019,65.0,77.0,44.0,9.0,858,135,106.0,10.0,6.0,,6.0,94.0,43.0,897.0,202.0,4.0,157.0,85.0,934.0,271.0,,84.0,,198.0,302.0
AGBOVILLE,5,2019,375.0,62.0,15.0,2.0,937,124,64.0,54.0,63.0,,5.0,126.0,19.0,979.0,323.0,11.0,142.0,87.0,1055.0,666.0,,313.0,,673.0,581.0
AGBOVILLE,6,2019,375.0,62.0,132.0,15.0,741,116,222.0,314.0,58.0,4.0,3.0,103.0,123.0,845.0,383.0,8.0,371.0,204.0,1144.0,644.0,,320.0,,447.0,576.0
AGNIBILEKROU,1,2019,60.0,37.0,,,313,72,70.0,12.0,,,,49.0,2.0,301.0,469.0,,87.0,2.0,392.0,320.0,,101.0,,276.0,302.0
AGNIBILEKROU,2,2019,77.0,21.0,1.0,,295,62,73.0,14.0,,,,43.0,1.0,348.0,146.0,,118.0,,345.0,252.0,,142.0,,223.0,272.0
AGNIBILEKROU,3,2019,77.0,29.0,8.0,,321,92,113.0,40.0,,,,41.0,,390.0,225.0,,75.0,,304.0,268.0,,114.0,,192.0,280.0
AGNIBILEKROU,4,2019,87.0,37.0,1.0,,355,59,93.0,27.0,,,,50.0,1.0,370.0,198.0,,77.0,,270.0,350.0,,105.0,,181.0,348.0
AGNIBILEKROU,5,2019,75.0,32.0,3.0,2.0,280,56,96.0,26.0,,,,37.0,5.0,292.0,139.0,,80.0,57.0,266.0,371.0,,116.0,,182.0,417.0
AGNIBILEKROU,6,2019,57.0,39.0,16.0,6.0,293,65,104.0,45.0,,,,50.0,4.0,304.0,435.0,,113.0,66.0,345.0,291.0,,42.0,,203.0,401.0
AKOUPE,1,2019,348.0,60.0,,,341,64,52.0,2.0,10.0,1.0,1.0,51.0,,261.0,139.0,9.0,78.0,,465.0,230.0,,34.0,,275.0,131.0
AKOUPE,2,2019,19.0,35.0,,,262,58,75.0,5.0,,1.0,,67.0,,208.0,87.0,9.0,59.0,,326.0,152.0,,19.0,,155.0,99.0
AKOUPE,3,2019,9.0,40.0,,,210,63,90.0,3.0,,,,28.0,,106.0,88.0,,38.0,,132.0,64.0,,10.0,,81.0,22.0
AKOUPE,4,2019,406.0,37.0,36.0,,269,36,92.0,3.0,10.0,1.0,,23.0,29.0,48.0,62.0,9.0,35.0,150.0,88.0,126.0,,12.0,,40.0,82.0
AKOUPE,5,2019,424.0,41.0,20.0,7.0,211,47,84.0,9.0,10.0,,,44.0,25.0,147.0,103.0,9.0,78.0,241.0,280.0,200.0,,34.0,,166.0,111.0
AKOUPE,6,2019,13.0,24.0,20.0,3.0,199,45,97.0,2.0,10.0,1.0,,2.0,5.0,26.0,59.0,,8.0,20.0,89.0,114.0,,,,38.0,55.0
ALEPE,1,2019,9.0,16.0,27.0,7.0,225,53,22.0,5.0,,4.0,2.0,15.0,25.0,185.0,12.0,10.0,25.0,31.0,223.0,80.0,,11.0,,343.0,78.0
ALEPE,2,2019,1.0,6.0,7.0,1.0,230,63,5.0,,2.0,,2.0,54.0,5.0,189.0,19.0,5.0,75.0,6.0,461.0,118.0,,21.0,,472.0,108.0
ALEPE,3,2019,,19.0,1.0,1.0,215,122,16.0,4.0,,2.0,2.0,11.0,2.0,201.0,14.0,5.0,15.0,,345.0,94.0,,4.0,,196.0,90.0
ALEPE,4,2019,9.0,54.0,7.0,1.0,295,65,45.0,3.0,,3.0,4.0,11.0,8.0,222.0,12.0,5.0,40.0,75.0,321.0,113.0,,30.0,,176.0,109.0
ALEPE,5,2019,2.0,22.0,12.0,1.0,273,45,17.0,,,2.0,2.0,10.0,15.0,184.0,8.0,5.0,40.0,,371.0,101.0,,30.0,,284.0,112.0
ALEPE,6,2019,80.0,23.0,9.0,,254,59,13.0,6.0,7.0,1.0,1.0,6.0,21.0,162.0,12.0,12.0,44.0,65.0,390.0,81.0,,58.0,,300.0,149.0
ANYAMA,1,2019,31.0,159.0,39.0,7.0,540,119,125.0,37.0,,6.0,6.0,116.0,44.0,611.0,371.0,15.0,114.0,10.0,538.0,376.0,,51.0,,319.0,312.0
ANYAMA,2,2019,4.0,74.0,1.0,,479,100,103.0,19.0,,11.0,1.0,39.0,,300.0,83.0,4.0,93.0,7.0,404.0,302.0,,78.0,,256.0,269.0
ANYAMA,3,2019,2.0,103.0,45.0,27.0,400,84,85.0,28.0,,4.0,,92.0,,363.0,191.0,5.0,138.0,7.0,289.0,191.0,,116.0,,290.0,301.0
ANYAMA,4,2019,,179.0,51.0,16.0,424,85,133.0,33.0,,11.0,6.0,125.0,113.0,274.0,327.0,7.0,201.0,144.0,172.0,429.0,,137.0,,292.0,369.0
ANYAMA,5,2019,,149.0,21.0,7.0,560,98,147.0,31.0,1.0,11.0,2.0,50.0,29.0,355.0,170.0,8.0,181.0,135.0,495.0,310.0,,164.0,,262.0,258.0
ANYAMA,6,2019,7.0,152.0,65.0,20.0,400,67,92.0,14.0,,3.0,5.0,126.0,60.0,310.0,201.0,12.0,215.0,82.0,465.0,335.0,,67.0,,472.0,253.0
ARRAH,1,2019,94.0,25.0,16.0,5.0,237,63,32.0,9.0,,,,30.0,,321.0,104.0,,25.0,,245.0,159.0,,27.0,,86.0,165.0
ARRAH,2,2019,94.0,15.0,,1.0,213,61,25.0,7.0,,,,15.0,,253.0,91.0,,35.0,,239.0,142.0,,27.0,,137.0,139.0
ARRAH,3,2019,96.0,48.0,,,263,52,32.0,6.0,,4.0,,25.0,,319.0,88.0,,32.0,10.0,284.0,175.0,,54.0,,139.0,177.0
ARRAH,4,2019,96.0,23.0,13.0,1.0,230,51,37.0,3.0,,,,23.0,14.0,279.0,108.0,,41.0,110.0,242.0,235.0,,57.0,,109.0,154.0
ARRAH,5,2019,96.0,22.0,30.0,6.0,222,66,35.0,6.0,,1.0,,23.0,20.0,301.0,90.0,,29.0,106.0,184.0,101.0,,35.0,,56.0,80.0
ARRAH,6,2019,96.0,14.0,24.0,10.0,221,46,30.0,5.0,,,,14.0,34.0,220.0,99.0,,28.0,39.0,283.0,214.0,,8.0,,105.0,193.0
BANGOLO,1,2019,146.0,27.0,,,249,76,2.0,3.0,,,1.0,26.0,,215.0,4.0,,23.0,5.0,208.0,2.0,,32.0,,104.0,7.0
BANGOLO,2,2019,173.0,22.0,,,227,79,3.0,,,,,21.0,,192.0,2.0,,29.0,5.0,270.0,,,33.0,,162.0,
BANGOLO,3,2019,170.0,38.0,1.0,9.0,222,87,3.0,,,,,30.0,10.0,200.0,5.0,,41.0,,208.0,5.0,,32.0,,123.0,
BANGOLO,4,2019,29.0,30.0,,,182,70,1.0,,,,,26.0,,175.0,1.0,,42.0,4.0,245.0,,,41.0,,126.0,2.0
BANGOLO,5,2019,8.0,29.0,,,176,79,1.0,,,,,27.0,,201.0,1.0,,50.0,4.0,243.0,4.0,,67.0,,115.0,5.0
BANGOLO,6,2019,98.0,21.0,,,176,65,1.0,2.0,,,,21.0,,195.0,9.0,,43.0,4.0,260.0,12.0,,50.0,,151.0,5.0
BEOUMI,1,2019,75.0,31.0,22.0,9.0,347,33,22.0,5.0,,,,26.0,29.0,165.0,48.0,,49.0,436.0,510.0,70.0,,275.0,,550.0,2350.0
BEOUMI,2,2019,12.0,39.0,,,186,78,49.0,7.0,,,,34.0,2.0,167.0,211.0,2.0,72.0,4.0,157.0,1522.0,,273.0,,483.0,1680.0
BEOUMI,3,2019,73.0,147.0,,1.0,210,206,55.0,44.0,,,,75.0,1.0,260.0,484.0,2.0,56.0,19.0,274.0,1465.0,,280.0,,585.0,1554.0
BEOUMI,4,2019,13.0,50.0,8.0,6.0,224,111,29.0,23.0,,,,57.0,14.0,239.0,253.0,,45.0,75.0,245.0,1175.0,,233.0,,544.0,1314.0
BEOUMI,5,2019,10.0,188.0,11.0,7.0,237,120,31.0,13.0,,,10.0,151.0,15.0,272.0,234.0,16.0,190.0,63.0,450.0,766.0,,266.0,,636.0,942.0
BEOUMI,6,2019,3.0,64.0,38.0,26.0,242,80,34.0,13.0,,,,51.0,63.0,293.0,533.0,,83.0,71.0,212.0,502.0,,277.0,,530.0,821.0
BETTIE,1,2019,102.0,12.0,213.0,10.0,528,48,91.0,7.0,,,,7.0,25.0,48.0,30.0,,40.0,70.0,225.0,423.0,,63.0,,234.0,598.0
BETTIE,2,2019,50.0,12.0,202.0,2.0,501,48,85.0,7.0,,,,8.0,11.0,86.0,41.0,,,,25.0,159.0,,68.0,,205.0,493.0
BETTIE,3,2019,112.0,15.0,183.0,2.0,535,46,78.0,9.0,,,,11.0,1.0,59.0,85.0,,10.0,100.0,50.0,198.0,,56.0,,208.0,480.0
BETTIE,4,2019,79.0,16.0,196.0,11.0,552,52,75.0,12.0,,,,6.0,32.0,98.0,29.0,,9.0,200.0,60.0,129.0,,59.0,,212.0,325.0
BETTIE,5,2019,119.0,14.0,187.0,13.0,562,40,74.0,14.0,,,,15.0,42.0,69.0,35.0,,18.0,90.0,110.0,173.0,,61.0,,250.0,465.0
BETTIE,6,2019,125.0,13.0,199.0,11.0,588,45,80.0,7.0,,,,13.0,40.0,81.0,45.0,,,70.0,60.0,132.0,,55.0,,260.0,425.0
BIANKOUMA,1,2019,208.0,70.0,229.0,2.0,198,130,9.0,2.0,,,,69.0,,276.0,2.0,,83.0,13.0,449.0,8.0,,57.0,,289.0,14.0
BIANKOUMA,2,2019,323.0,51.0,72.0,14.0,435,93,11.0,1.0,13.0,3.0,,51.0,,274.0,3.0,,47.0,,400.0,33.0,,20.0,,250.0,21.0
BIANKOUMA,3,2019,355.0,33.0,10.0,3.0,450,105,12.0,7.0,1.0,7.0,,35.0,1.0,216.0,15.0,,85.0,100.0,340.0,40.0,,63.0,,266.0,128.0
BIANKOUMA,4,2019,3.0,56.0,1.0,6.0,165,111,1.0,,,,,46.0,5.0,251.0,,,115.0,,356.0,10.0,,99.0,,243.0,51.0
BIANKOUMA,5,2019,112.0,52.0,54.0,1.0,376,90,9.0,1.0,,,,26.0,,238.0,2.0,,54.0,,378.0,7.0,,86.0,,234.0,11.0
BIANKOUMA,6,2019,191.0,43.0,50.0,1.0,390,64,12.0,,,,,38.0,5.0,228.0,4.0,,87.0,,380.0,7.0,,14.0,,230.0,10.0
BLOLEQUIN,1,2019,562.0,64.0,3.0,,503,137,29.0,19.0,33.0,30.0,32.0,29.0,2.0,291.0,27.0,17.0,34.0,6.0,230.0,95.0,,39.0,,178.0,87.0
BLOLEQUIN,2,2019,82.0,37.0,2.0,1.0,337,125,32.0,14.0,498.0,12.0,10.0,23.0,2.0,228.0,23.0,24.0,40.0,12.0,258.0,184.0,,64.0,,181.0,193.0
BLOLEQUIN,3,2019,636.0,47.0,,3.0,365,372,30.0,17.0,,,,58.0,3.0,441.0,47.0,,99.0,23.0,552.0,52.0,,79.0,,246.0,50.0
BLOLEQUIN,4,2019,609.0,53.0,,1.0,452,509,41.0,17.0,,,,64.0,1.0,274.0,41.0,,108.0,10.0,461.0,156.0,,102.0,,366.0,122.0
BLOLEQUIN,5,2019,749.0,60.0,1.0,3.0,803,286,55.0,12.0,,,,53.0,4.0,281.0,29.0,,160.0,5.0,233.0,80.0,,137.0,,283.0,104.0
BLOLEQUIN,6,2019,1176.0,52.0,,1.0,834,171,54.0,13.0,,1.0,1.0,35.0,1.0,212.0,30.0,1.0,79.0,6.0,177.0,44.0,,133.0,,265.0,94.0
BOCANDA,1,2019,8.0,11.0,72.0,,376,78,13.0,6.0,,,,2.0,7.0,207.0,529.0,2.0,2.0,5.0,190.0,121.0,,4.0,,127.0,503.0
BOCANDA,2,2019,4.0,8.0,69.0,,410,55,19.0,5.0,,,,1.0,2.0,154.0,262.0,2.0,34.0,,178.0,1575.0,,33.0,,114.0,1755.0
BOCANDA,3,2019,3.0,11.0,2.0,,126,76,13.0,7.0,,,,17.0,2.0,205.0,1080.0,2.0,13.0,10.0,176.0,61.0,,28.0,,81.0,689.0
BOCANDA,4,2019,,8.0,14.0,7.0,203,64,15.0,12.0,,5.0,,6.0,14.0,181.0,317.0,2.0,5.0,25.0,218.0,53.0,,25.0,,130.0,396.0
BOCANDA,5,2019,3.0,17.0,8.0,4.0,177,80,14.0,5.0,,,,12.0,12.0,303.0,771.0,2.0,5.0,20.0,318.0,1546.0,,12.0,,140.0,1126.0
BOCANDA,6,2019,7.0,7.0,30.0,14.0,142,35,17.0,7.0,,,,6.0,20.0,208.0,268.0,2.0,19.0,32.0,246.0,1545.0,,27.0,,155.0,2387.0
BONDOUKOU,1,2019,580.0,74.0,56.0,2.0,1263,289,234.0,80.0,,1.0,6.0,74.0,36.0,996.0,1470.0,42.0,280.0,80.0,1255.0,767.0,,551.0,,883.0,982.0
BONDOUKOU,2,2019,323.0,95.0,8.0,1.0,958,321,262.0,109.0,6.0,,3.0,100.0,99.0,933.0,1626.0,9.0,299.0,54.0,1472.0,2187.0,,430.0,,1005.0,1372.0
BONDOUKOU,3,2019,380.0,503.0,8.0,18.0,1147,517,236.0,122.0,1.0,4.0,2.0,370.0,31.0,1199.0,1246.0,11.0,381.0,139.0,2350.0,1912.0,,309.0,,1664.0,2253.0
BONDOUKOU,4,2019,555.0,230.0,34.0,12.0,1108,366,247.0,68.0,4.0,,,407.0,39.0,1171.0,1466.0,9.0,777.0,177.0,1868.0,1322.0,,486.0,,1192.0,1290.0
BONDOUKOU,5,2019,581.0,230.0,7.0,23.0,1209,383,270.0,90.0,43.0,1.0,1.0,181.0,17.0,1181.0,2019.0,8.0,2333.0,266.0,1865.0,1856.0,,665.0,,1004.0,1128.0
BONDOUKOU,6,2019,767.0,83.0,15.0,6.0,1160,312,227.0,82.0,,5.0,1.0,97.0,13.0,1060.0,1060.0,7.0,608.0,264.0,2033.0,1104.0,,369.0,,1280.0,980.0
BONGOUANOU,1,2019,100.0,15.0,,7.0,249,108,27.0,21.0,,,,12.0,,316.0,56.0,,25.0,,293.0,110.0,,42.0,,115.0,320.0
BONGOUANOU,2,2019,69.0,22.0,,,268,71,22.0,15.0,,,,23.0,,308.0,1417.0,,22.0,,366.0,2454.0,,31.0,,125.0,1357.0
BONGOUANOU,3,2019,1.0,17.0,,,292,82,18.0,20.0,,,,17.0,,359.0,454.0,,54.0,,390.0,136.0,,45.0,,144.0,94.0
BONGOUANOU,4,2019,64.0,15.0,2.0,4.0,295,89,31.0,15.0,,,,18.0,6.0,363.0,161.0,,46.0,30.0,343.0,379.0,,44.0,,93.0,269.0
BONGOUANOU,5,2019,,16.0,9.0,1.0,187,110,24.0,14.0,,,,16.0,10.0,253.0,220.0,,53.0,20.0,247.0,710.0,,41.0,,82.0,535.0
BONGOUANOU,6,2019,63.0,22.0,8.0,4.0,280,62,26.0,27.0,,,,21.0,10.0,303.0,374.0,,34.0,20.0,549.0,522.0,,,,132.0,409.0
BOTRO,1,2019,52.0,10.0,,,114,31,20.0,1.0,,,1.0,16.0,,76.0,35.0,,37.0,6.0,108.0,130.0,,51.0,,93.0,127.0
BOTRO,2,2019,9.0,151.0,1.0,3.0,71,47,11.0,8.0,,1.0,,77.0,4.0,73.0,28.0,,114.0,,132.0,89.0,,78.0,,96.0,127.0
BOTRO,3,2019,124.0,238.0,9.0,,134,89,14.0,5.0,3.0,,2.0,41.0,9.0,70.0,200.0,,72.0,,166.0,49.0,,55.0,,127.0,65.0
BOTRO,4,2019,27.0,61.0,10.0,3.0,114,36,22.0,4.0,1.0,,1.0,9.0,,41.0,25.0,5.0,34.0,,91.0,71.0,,40.0,,74.0,54.0
BOTRO,5,2019,1.0,61.0,7.0,1.0,146,33,12.0,4.0,,,,9.0,,55.0,38.0,,25.0,,90.0,52.0,,37.0,,87.0,66.0
BOTRO,6,2019,21.0,69.0,15.0,1.0,141,28,14.0,6.0,1.0,2.0,,12.0,7.0,18.0,25.0,5.0,26.0,14.0,7.0,10.0,,16.0,,11.0,44.0
BOUAFLE,1,2019,31.0,291.0,52.0,5.0,1247,282,243.0,33.0,2.0,26.0,24.0,293.0,51.0,1310.0,1084.0,18.0,234.0,17.0,1191.0,1672.0,,421.0,,1542.0,2268.0
BOUAFLE,2,2019,115.0,774.0,36.0,3.0,1000,311,157.0,14.0,2.0,18.0,20.0,281.0,39.0,1175.0,492.0,44.0,633.0,19.0,1405.0,1732.0,,686.0,,1634.0,5115.0
BOUAFLE,3,2019,21.0,1018.0,20.0,8.0,1021,437,135.0,30.0,1.0,18.0,14.0,484.0,28.0,1456.0,671.0,22.0,711.0,55.0,1728.0,433.0,,924.0,,1200.0,1975.0
BOUAFLE,4,2019,10.0,290.0,24.0,7.0,1115,297,165.0,38.0,,8.0,8.0,249.0,31.0,1277.0,474.0,8.0,183.0,206.0,1112.0,699.0,,868.0,,930.0,1789.0
BOUAFLE,5,2019,5.0,483.0,41.0,10.0,1064,414,202.0,36.0,,22.0,22.0,453.0,52.0,1455.0,884.0,155.0,331.0,58.0,1220.0,1118.0,,871.0,,946.0,1263.0
BOUAFLE,6,2019,9.0,233.0,29.0,8.0,1098,364,153.0,11.0,,16.0,16.0,199.0,37.0,1439.0,401.0,21.0,254.0,39.0,1790.0,501.0,,547.0,,1556.0,1014.0
BOUAKE NORD-EST,1,2019,63.0,185.0,34.0,2.0,525,144,91.0,32.0,,,,37.0,15.0,439.0,168.0,,56.0,1.0,286.0,122.0,,54.0,,208.0,264.0
BOUAKE NORD-EST,2,2019,119.0,213.0,21.0,,417,136,108.0,36.0,3.0,1.0,1.0,175.0,2.0,228.0,187.0,1.0,168.0,1.0,164.0,126.0,,57.0,,98.0,167.0
BOUAKE NORD-EST,3,2019,42.0,24.0,35.0,3.0,414,114,100.0,16.0,,,,26.0,8.0,332.0,216.0,10.0,84.0,281.0,460.0,234.0,,115.0,,246.0,165.0
BOUAKE NORD-EST,4,2019,71.0,135.0,78.0,13.0,422,85,107.0,17.0,2.0,4.0,1.0,44.0,61.0,476.0,200.0,,36.0,134.0,500.0,230.0,,74.0,,238.0,174.0
BOUAKE NORD-EST,5,2019,58.0,118.0,57.0,14.0,414,96,127.0,11.0,1.0,2.0,,85.0,41.0,429.0,196.0,,81.0,10.0,488.0,377.0,,113.0,,386.0,383.0
BOUAKE NORD-EST,6,2019,158.0,215.0,123.0,12.0,426,90,130.0,14.0,1.0,8.0,6.0,170.0,89.0,388.0,342.0,6.0,176.0,155.0,380.0,277.0,,94.0,,346.0,295.0
BOUAKE NORD-OUEST,1,2019,640.0,391.0,54.0,1.0,535,241,134.0,45.0,,,,343.0,1.0,461.0,201.0,,289.0,,349.0,213.0,,155.0,,1036.0,771.0
BOUAKE NORD-OUEST,2,2019,331.0,91.0,42.0,,564,86,130.0,21.0,,,,79.0,,234.0,125.0,,107.0,,254.0,235.0,,151.0,,907.0,798.0
BOUAKE NORD-OUEST,3,2019,649.0,399.0,40.0,1.0,616,166,136.0,21.0,,,,337.0,1.0,479.0,157.0,,324.0,25.0,325.0,59.0,,128.0,,838.0,619.0
BOUAKE NORD-OUEST,4,2019,1.0,141.0,6.0,18.0,373,123,76.0,14.0,,,,118.0,24.0,304.0,138.0,,97.0,52.0,203.0,109.0,,93.0,,74.0,91.0
BOUAKE NORD-OUEST,5,2019,3.0,91.0,29.0,14.0,379,106,90.0,17.0,,,,,,,,,,,,,,,,,
BOUAKE NORD-OUEST,6,2019,7.0,67.0,65.0,18.0,332,78,68.0,25.0,,,,50.0,82.0,259.0,146.0,,48.0,76.0,225.0,150.0,,,,36.0,61.0
BOUAKE-SUD,1,2019,652.0,411.0,12.0,8.0,508,229,199.0,114.0,7.0,2.0,,114.0,13.0,287.0,100.0,111.0,171.0,20.0,285.0,170.0,,252.0,,589.0,1058.0
BOUAKE-SUD,2,2019,381.0,138.0,11.0,,493,181,346.0,86.0,5.0,6.0,,158.0,11.0,286.0,180.0,100.0,242.0,10.0,532.0,856.0,,382.0,,699.0,384.0
BOUAKE-SUD,3,2019,441.0,190.0,2.0,5.0,626,178,202.0,76.0,9.0,6.0,2.0,99.0,8.0,246.0,121.0,91.0,261.0,50.0,564.0,194.0,,345.0,,837.0,846.0
BOUAKE-SUD,4,2019,507.0,151.0,9.0,3.0,657,153,143.0,26.0,4.0,15.0,1.0,100.0,11.0,345.0,258.0,100.0,237.0,71.0,468.0,281.0,,319.0,,571.0,806.0
BOUAKE-SUD,5,2019,493.0,106.0,45.0,19.0,806,122,230.0,19.0,8.0,4.0,1.0,129.0,56.0,405.0,439.0,71.0,112.0,273.0,461.0,412.0,,287.0,,529.0,837.0
BOUAKE-SUD,6,2019,125.0,134.0,46.0,11.0,709,123,185.0,93.0,9.0,2.0,1.0,113.0,18.0,316.0,132.0,,65.0,46.0,299.0,283.0,,105.0,,427.0,809.0
BOUNA,1,2019,18.0,28.0,5.0,,330,163,26.0,27.0,1.0,,,38.0,3.0,472.0,140.0,,53.0,26.0,580.0,139.0,,85.0,,278.0,95.0
BOUNA,2,2019,6.0,20.0,,1.0,234,136,5.0,,,,,14.0,1.0,338.0,60.0,6.0,75.0,22.0,471.0,39.0,,53.0,,188.0,31.0
BOUNA,3,2019,5.0,60.0,,2.0,333,168,6.0,2.0,,1.0,1.0,58.0,2.0,482.0,50.0,200.0,111.0,112.0,587.0,80.0,,85.0,,324.0,71.0
BOUNA,4,2019,41.0,41.0,9.0,1.0,313,165,11.0,1.0,,,,50.0,20.0,425.0,204.0,,104.0,19.0,616.0,279.0,,113.0,,290.0,120.0
BOUNA,5,2019,16.0,41.0,9.0,1.0,329,154,11.0,7.0,,,,39.0,30.0,473.0,113.0,,86.0,115.0,631.0,165.0,,103.0,,246.0,65.0
BOUNA,6,2019,17.0,32.0,11.0,4.0,367,152,29.0,3.0,,1.0,,36.0,14.0,499.0,256.0,,102.0,15.0,641.0,1063.0,,111.0,,256.0,831.0
BOUNDIALI,1,2019,4.0,56.0,15.0,4.0,248,88,13.0,14.0,10.0,,,63.0,21.0,308.0,21.0,,95.0,,470.0,12.0,,205.0,,532.0,52.0
BOUNDIALI,2,2019,,55.0,19.0,7.0,234,104,14.0,13.0,,,,54.0,26.0,337.0,12.0,,79.0,,371.0,12.0,,174.0,,465.0,
BOUNDIALI,3,2019,,68.0,15.0,5.0,243,135,3.0,,,,,69.0,20.0,362.0,,,99.0,,417.0,,,158.0,,324.0,
BOUNDIALI,4,2019,,77.0,8.0,8.0,278,142,78.0,3.0,,2.0,,77.0,17.0,411.0,15.0,2.0,70.0,25.0,371.0,3.0,,138.0,,354.0,3.0
BOUNDIALI,5,2019,,58.0,12.0,2.0,274,123,16.0,2.0,,,,56.0,14.0,377.0,6.0,,104.0,14.0,434.0,21.0,,155.0,,306.0,15.0
BOUNDIALI,6,2019,20.0,70.0,15.0,11.0,303,146,102.0,2.0,,,,71.0,26.0,402.0,17.0,,97.0,51.0,431.0,,,63.0,,309.0,
BUYO,1,2019,175.0,53.0,10.0,3.0,190,109,20.0,7.0,,,,52.0,9.0,277.0,151.0,,138.0,175.0,267.0,111.0,,153.0,,285.0,123.0
BUYO,2,2019,174.0,29.0,6.0,2.0,196,85,15.0,1.0,,,,34.0,2.0,250.0,53.0,,139.0,13.0,348.0,236.0,,272.0,,290.0,216.0
BUYO,3,2019,174.0,26.0,13.0,4.0,189,102,24.0,7.0,,,,26.0,10.0,257.0,118.0,,140.0,90.0,407.0,268.0,,263.0,,336.0,143.0
BUYO,4,2019,179.0,42.0,6.0,10.0,213,58,13.0,,,,,39.0,16.0,238.0,130.0,,141.0,92.0,394.0,351.0,,237.0,,325.0,230.0
BUYO,5,2019,181.0,18.0,11.0,4.0,213,69,17.0,4.0,,,,18.0,15.0,270.0,175.0,,145.0,65.0,436.0,354.0,,167.0,,301.0,204.0
BUYO,6,2019,149.0,22.0,17.0,7.0,220,69,21.0,10.0,,,,24.0,24.0,275.0,184.0,,145.0,99.0,390.0,387.0,,63.0,,221.0,218.0
COCODY BINGERVILLE,1,2019,401.0,133.0,111.0,36.0,1546,330,347.0,69.0,54.0,22.0,44.0,201.0,134.0,1563.0,1496.0,81.0,211.0,485.0,1353.0,1240.0,,203.0,,961.0,1671.0
COCODY BINGERVILLE,2,2019,411.0,103.0,60.0,15.0,1405,243,321.0,52.0,52.0,14.0,17.0,152.0,115.0,1067.0,1018.0,58.0,409.0,509.0,1327.0,1024.0,,382.0,,903.0,1214.0
COCODY BINGERVILLE,3,2019,387.0,175.0,56.0,12.0,1539,360,398.0,59.0,58.0,13.0,71.0,198.0,69.0,1125.0,1246.0,55.0,314.0,1114.0,1481.0,1471.0,,331.0,,1101.0,1301.0
COCODY BINGERVILLE,4,2019,408.0,117.0,310.0,96.0,1421,185,362.0,50.0,55.0,35.0,38.0,142.0,395.0,1215.0,958.0,58.0,232.0,1203.0,1914.0,1917.0,,209.0,,1735.0,2158.0
COCODY BINGERVILLE,5,2019,386.0,111.0,312.0,71.0,1560,168,362.0,44.0,63.0,22.0,40.0,162.0,425.0,1186.0,901.0,54.0,192.0,441.0,952.0,1345.0,,232.0,,1372.0,1790.0
COCODY BINGERVILLE,6,2019,400.0,109.0,316.0,61.0,1224,248,328.0,37.0,60.0,20.0,22.0,155.0,387.0,1162.0,1066.0,54.0,214.0,544.0,996.0,1223.0,,268.0,,1178.0,1171.0
DABAKALA,1,2019,21.0,54.0,,,436,186,26.0,6.0,,,,53.0,,689.0,96.0,,135.0,,860.0,211.0,,134.0,,335.0,233.0
DABAKALA,2,2019,5.0,40.0,,,462,191,22.0,14.0,,8.0,,50.0,,589.0,51.0,11.0,124.0,,635.0,176.0,,129.0,,382.0,255.0
DABAKALA,3,2019,19.0,58.0,,,538,180,16.0,13.0,,,,71.0,,638.0,88.0,6.0,151.0,,832.0,201.0,,133.0,,419.0,241.0
DABAKALA,4,2019,2.0,81.0,,12.0,493,217,24.0,2.0,,,1.0,82.0,12.0,658.0,62.0,10.0,146.0,,528.0,139.0,,94.0,,217.0,191.0
DABAKALA,5,2019,5.0,50.0,,,505,182,25.0,7.0,,,,68.0,,687.0,150.0,,180.0,,949.0,304.0,,126.0,,364.0,277.0
DABAKALA,6,2019,443.0,75.0,,,1017,241,77.0,7.0,1.0,,,75.0,,715.0,70.0,,86.0,,815.0,18.0,,22.0,,378.0,75.0
DABOU,1,2019,5.0,99.0,36.0,3.0,544,121,48.0,2.0,,2.0,11.0,100.0,40.0,665.0,156.0,5.0,174.0,36.0,1036.0,393.0,,168.0,,940.0,1006.0
DABOU,2,2019,7.0,86.0,11.0,,372,77,44.0,4.0,,,,96.0,1.0,505.0,130.0,12.0,72.0,15.0,371.0,77.0,,115.0,,590.0,848.0
DABOU,3,2019,4.0,83.0,46.0,7.0,374,138,33.0,6.0,,,,84.0,25.0,530.0,136.0,5.0,130.0,143.0,542.0,534.0,,121.0,,556.0,1138.0
DABOU,4,2019,4.0,78.0,24.0,13.0,502,87,31.0,5.0,,,,84.0,40.0,584.0,131.0,5.0,117.0,45.0,623.0,577.0,,142.0,,501.0,520.0
DABOU,5,2019,22.0,79.0,105.0,19.0,389,72,44.0,8.0,,,,92.0,120.0,452.0,184.0,11.0,95.0,334.0,501.0,366.0,,139.0,,653.0,1131.0
DABOU,6,2019,7.0,85.0,38.0,15.0,412,89,38.0,9.0,,2.0,,82.0,57.0,440.0,304.0,16.0,133.0,152.0,623.0,705.0,,80.0,,449.0,1099.0
DALOA,1,2019,509.0,294.0,97.0,32.0,1234,272,170.0,16.0,30.0,17.0,25.0,188.0,6.0,778.0,248.0,5.0,166.0,,722.0,238.0,,255.0,,930.0,251.0
DALOA,2,2019,267.0,438.0,24.0,22.0,1303,228,201.0,24.0,20.0,35.0,22.0,218.0,,1066.0,601.0,5.0,344.0,,440.0,201.0,,362.0,,797.0,134.0
DALOA,3,2019,231.0,1344.0,15.0,10.0,1485,504,162.0,71.0,19.0,75.0,51.0,740.0,20.0,940.0,579.0,18.0,646.0,120.0,607.0,462.0,,350.0,,737.0,401.0
DALOA,4,2019,947.0,721.0,21.0,34.0,1317,381,73.0,79.0,48.0,99.0,38.0,492.0,50.0,823.0,381.0,28.0,206.0,123.0,537.0,351.0,,354.0,,687.0,314.0
DALOA,5,2019,1012.0,430.0,44.0,22.0,996,198,219.0,38.0,81.0,15.0,26.0,245.0,42.0,908.0,661.0,20.0,336.0,335.0,1298.0,281.0,,475.0,,1195.0,281.0
DALOA,6,2019,1091.0,364.0,34.0,46.0,941,175,71.0,18.0,49.0,19.0,22.0,369.0,74.0,883.0,592.0,8.0,429.0,124.0,728.0,311.0,,296.0,,1212.0,300.0
DANANE,1,2019,580.0,55.0,5.0,1.0,2057,168,90.0,3.0,18.0,,,40.0,,260.0,7.0,5.0,43.0,,390.0,40.0,,71.0,,264.0,46.0
DANANE,2,2019,643.0,116.0,1259.0,19.0,1055,91,93.0,4.0,41.0,3.0,,39.0,,275.0,30.0,5.0,58.0,,302.0,63.0,,72.0,,203.0,39.0
DANANE,3,2019,812.0,52.0,6.0,,2429,97,106.0,4.0,,,,42.0,,205.0,29.0,,120.0,,483.0,58.0,,116.0,,363.0,32.0
DANANE,4,2019,730.0,45.0,232.0,10.0,2443,101,104.0,5.0,,,,46.0,,211.0,23.0,2.0,92.0,,268.0,48.0,,106.0,,245.0,25.0
DANANE,5,2019,415.0,46.0,2.0,,2408,119,142.0,6.0,1.0,,,34.0,,257.0,34.0,2.0,123.0,,430.0,61.0,,117.0,,292.0,21.0
DANANE,6,2019,439.0,34.0,10.0,,2534,84,109.0,7.0,,,,40.0,4.0,276.0,27.0,10.0,89.0,4.0,310.0,37.0,,6.0,,165.0,27.0
DAOUKRO,1,2019,,37.0,24.0,4.0,336,147,279.0,39.0,,,,35.0,29.0,277.0,337.0,,75.0,16.0,364.0,471.0,,96.0,,150.0,327.0
DAOUKRO,2,2019,,34.0,9.0,6.0,335,124,98.0,29.0,,1.0,,41.0,38.0,343.0,329.0,,47.0,9.0,369.0,418.0,,225.0,,530.0,316.0
DAOUKRO,3,2019,93.0,61.0,16.0,9.0,319,102,176.0,46.0,,,48.0,55.0,43.0,258.0,299.0,,65.0,19.0,243.0,449.0,,195.0,,430.0,360.0
DAOUKRO,4,2019,101.0,42.0,27.0,8.0,339,132,136.0,33.0,,,,25.0,64.0,315.0,165.0,,39.0,40.0,338.0,203.0,,148.0,,448.0,194.0
DAOUKRO,5,2019,,94.0,34.0,16.0,348,138,83.0,45.0,,,,96.0,23.0,361.0,274.0,,49.0,128.0,648.0,330.0,,105.0,,313.0,171.0
DAOUKRO,6,2019,8.0,44.0,48.0,10.0,317,215,92.0,81.0,3.0,3.0,,50.0,61.0,360.0,279.0,,195.0,106.0,364.0,348.0,,15.0,,307.0,283.0
DIANRA,1,2019,2.0,18.0,6.0,,62,23,4.0,,,,,3.0,,37.0,4.0,,32.0,23.0,78.0,5.0,,29.0,,35.0,1.0
DIANRA,2,2019,,28.0,7.0,9.0,31,27,,,,,,18.0,15.0,18.0,,,37.0,27.0,66.0,300.0,,19.0,,48.0,300.0
DIANRA,3,2019,,19.0,,,56,41,,1.0,,,,18.0,8.0,47.0,,,45.0,8.0,72.0,,,26.0,,42.0,
DIANRA,4,2019,2.0,28.0,1.0,,52,62,,,,,,4.0,,25.0,,,28.0,,20.0,9.0,,12.0,,15.0,9.0
DIANRA,5,2019,4.0,39.0,17.0,10.0,43,17,,3.0,,,,11.0,,25.0,3.0,,43.0,,29.0,24.0,,32.0,,14.0,21.0
DIANRA,6,2019,5.0,30.0,,5.0,86,28,,148.0,,,,11.0,,16.0,11.0,,31.0,,31.0,21.0,,21.0,,12.0,10.0
DIDIEVI,1,2019,474.0,10.0,4.0,,1028,41,132.0,5.0,,,,18.0,3.0,168.0,32.0,,20.0,6.0,255.0,92.0,,40.0,,209.0,145.0
DIDIEVI,2,2019,483.0,6.0,1.0,,1066,44,137.0,5.0,,,,5.0,,111.0,54.0,,16.0,3.0,223.0,86.0,,43.0,,182.0,130.0
DIDIEVI,3,2019,401.0,9.0,4.0,,1017,62,141.0,6.0,,,,8.0,3.0,92.0,68.0,6.0,24.0,60.0,296.0,165.0,,38.0,,259.0,189.0
DIDIEVI,4,2019,487.0,17.0,2.0,,1139,87,150.0,8.0,,,,12.0,1.0,145.0,42.0,,24.0,,152.0,82.0,,33.0,,158.0,119.0
DIDIEVI,5,2019,509.0,22.0,2.0,,1138,65,158.0,7.0,,,,26.0,1.0,164.0,68.0,,30.0,39.0,142.0,84.0,,39.0,,111.0,139.0
DIDIEVI,6,2019,522.0,14.0,5.0,1.0,1219,53,166.0,9.0,7.0,,,14.0,,132.0,79.0,,26.0,16.0,230.0,137.0,,22.0,,167.0,126.0
DIKODOUGOU,1,2019,5.0,7.0,5.0,4.0,68,28,,,,,,12.0,9.0,96.0,1.0,,25.0,16.0,158.0,10.0,,26.0,,113.0,29.0
DIKODOUGOU,2,2019,2.0,15.0,5.0,2.0,86,36,,1.0,,2.0,,17.0,7.0,122.0,8.0,,33.0,10.0,181.0,36.0,,26.0,,85.0,29.0
DIKODOUGOU,3,2019,1.0,7.0,,,71,29,,,,,,7.0,,104.0,,,28.0,,217.0,,,38.0,,132.0,1.0
DIKODOUGOU,4,2019,7.0,15.0,1.0,3.0,71,41,,,,,,12.0,4.0,115.0,1.0,,41.0,11.0,207.0,19.0,,32.0,,112.0,18.0
DIKODOUGOU,5,2019,1.0,23.0,1.0,,98,26,,,,,,18.0,1.0,124.0,4.0,,18.0,10.0,172.0,15.0,,23.0,,123.0,12.0
DIKODOUGOU,6,2019,2.0,13.0,2.0,1.0,103,37,,1.0,,,,16.0,3.0,140.0,2.0,,14.0,,189.0,,,18.0,,90.0,11.0
DIMBOKRO,1,2019,12.0,34.0,2.0,1.0,255,71,83.0,13.0,1.0,2.0,,50.0,3.0,332.0,165.0,,74.0,,296.0,265.0,,54.0,,140.0,157.0
DIMBOKRO,2,2019,9.0,40.0,2.0,1.0,249,61,74.0,12.0,1.0,7.0,,49.0,3.0,311.0,124.0,,51.0,,378.0,171.0,,59.0,,191.0,158.0
DIMBOKRO,3,2019,15.0,67.0,,,298,56,58.0,11.0,1.0,5.0,,30.0,,345.0,129.0,,67.0,,399.0,193.0,,62.0,,198.0,724.0
DIMBOKRO,4,2019,31.0,32.0,2.0,3.0,250,33,51.0,5.0,,4.0,,41.0,6.0,289.0,129.0,,67.0,60.0,372.0,132.0,,70.0,,185.0,133.0
DIMBOKRO,5,2019,11.0,43.0,9.0,4.0,303,67,59.0,23.0,2.0,5.0,1.0,54.0,13.0,376.0,220.0,,77.0,49.0,502.0,228.0,,57.0,,245.0,67.0
DIMBOKRO,6,2019,7.0,37.0,8.0,3.0,247,79,56.0,9.0,,2.0,,41.0,9.0,329.0,144.0,,140.0,81.0,815.0,297.0,,109.0,,340.0,208.0
DIVO,1,2019,508.0,170.0,8.0,1.0,895,194,243.0,16.0,9.0,9.0,3.0,160.0,3.0,688.0,2174.0,7.0,175.0,14.0,639.0,508.0,,183.0,,519.0,926.0
DIVO,2,2019,653.0,171.0,9.0,,1077,161,235.0,18.0,9.0,3.0,3.0,110.0,3.0,504.0,777.0,,204.0,,553.0,1456.0,,199.0,,471.0,1626.0
DIVO,3,2019,625.0,180.0,4.0,1.0,1145,172,276.0,21.0,8.0,3.0,3.0,138.0,1.0,666.0,5443.0,,299.0,111.0,1002.0,8934.0,,218.0,,565.0,4951.0
DIVO,4,2019,667.0,195.0,26.0,29.0,1225,137,296.0,36.0,8.0,21.0,1.0,153.0,32.0,627.0,4055.0,6.0,280.0,10.0,876.0,4566.0,,230.0,,629.0,5284.0
DIVO,5,2019,611.0,115.0,46.0,14.0,1275,116,310.0,13.0,9.0,2.0,1.0,109.0,58.0,675.0,4957.0,6.0,194.0,111.0,726.0,43282.0,,187.0,,525.0,5989.0
DIVO,6,2019,679.0,161.0,42.0,15.0,1362,252,352.0,79.0,63.0,,,118.0,48.0,664.0,5711.0,,229.0,110.0,826.0,1133.0,,234.0,,566.0,1462.0
DOROPO,1,2019,109.0,18.0,12.0,5.0,180,59,3.0,2.0,,,,16.0,12.0,166.0,1.0,,53.0,12.0,241.0,15.0,,37.0,,77.0,14.0
DOROPO,2,2019,26.0,18.0,4.0,2.0,167,57,5.0,6.0,,,,15.0,,204.0,38.0,5.0,30.0,,294.0,210.0,,20.0,,120.0,146.0
DOROPO,3,2019,18.0,34.0,10.0,15.0,122,73,4.0,3.0,,,,28.0,,168.0,,,64.0,,288.0,190.0,,33.0,,121.0,15.0
DOROPO,4,2019,20.0,32.0,2.0,5.0,112,91,,1.0,,,,32.0,7.0,181.0,10.0,,72.0,20.0,300.0,18.0,,58.0,,129.0,8.0
DOROPO,5,2019,22.0,36.0,17.0,11.0,84,105,3.0,3.0,,,,30.0,11.0,172.0,6.0,,48.0,33.0,286.0,24.0,,35.0,,111.0,18.0
DOROPO,6,2019,27.0,22.0,,,71,57,5.0,,28.0,30.0,,27.0,11.0,155.0,7.0,,74.0,32.0,278.0,6.0,,56.0,,149.0,5.0
DUEKOUE,1,2019,1466.0,116.0,17.0,2.0,1792,157,125.0,17.0,,2.0,2.0,91.0,1.0,198.0,52.0,6.0,158.0,28.0,403.0,102.0,,105.0,,441.0,137.0
DUEKOUE,2,2019,536.0,105.0,5.0,2.0,681,120,161.0,13.0,173.0,6.0,5.0,44.0,3.0,137.0,40.0,24.0,69.0,40.0,254.0,131.0,,60.0,,341.0,151.0
DUEKOUE,3,2019,1109.0,101.0,137.0,2.0,1194,197,124.0,13.0,1.0,5.0,5.0,34.0,18.0,167.0,1050.0,25.0,85.0,28.0,304.0,727.0,,60.0,,393.0,530.0
DUEKOUE,4,2019,1117.0,118.0,134.0,3.0,1208,152,109.0,9.0,1.0,4.0,,55.0,1.0,195.0,34.0,3.0,101.0,16.0,225.0,111.0,,61.0,,356.0,69.0
DUEKOUE,5,2019,932.0,103.0,131.0,4.0,1267,130,108.0,1.0,1.0,2.0,2.0,36.0,,109.0,41.0,9.0,100.0,4.0,167.0,64.0,,101.0,,367.0,71.0
DUEKOUE,6,2019,913.0,72.0,139.0,9.0,1165,118,102.0,7.0,1.0,1.0,,13.0,,43.0,32.0,,,,10.0,,,,,254.0,26.0
FERKESSEDOUGOU,1,2019,41.0,66.0,2.0,1.0,235,127,26.0,7.0,,1.0,,,,,,,,,,,,,,,
FERKESSEDOUGOU,2,2019,8.0,51.0,3.0,1.0,195,90,23.0,11.0,,,,,,,,,,,,,,,,,
FERKESSEDOUGOU,3,2019,4.0,74.0,1.0,1.0,248,103,26.0,5.0,1.0,2.0,,,,,,,,,,,,,,,
FERKESSEDOUGOU,4,2019,51.0,84.0,9.0,5.0,246,98,26.0,3.0,,,,,,,,,,,,,,,,,
FERKESSEDOUGOU,5,2019,62.0,59.0,36.0,71.0,164,119,23.0,7.0,,17.0,,,,,,,,,,,,,,,
FERKESSEDOUGOU,6,2019,54.0,70.0,,1.0,189,88,5.0,2.0,2.0,3.0,,,,,,,,,,,,,,,
FRESCO,1,2019,165.0,20.0,19.0,5.0,172,70,11.0,5.0,10.0,,,19.0,17.0,174.0,33.0,,10.0,9.0,142.0,6.0,,149.0,,290.0,398.0
FRESCO,2,2019,187.0,9.0,21.0,2.0,171,68,10.0,6.0,7.0,,,8.0,6.0,135.0,652.0,,,,156.0,,,139.0,,266.0,392.0
FRESCO,3,2019,207.0,16.0,20.0,6.0,162,41,5.0,5.0,1.0,,,15.0,18.0,121.0,5.0,,3.0,30.0,138.0,,,133.0,,287.0,393.0
FRESCO,4,2019,176.0,15.0,25.0,9.0,190,33,8.0,2.0,,,,13.0,27.0,84.0,7.0,,3.0,15.0,107.0,6.0,,132.0,,257.0,392.0
FRESCO,5,2019,541.0,4.0,31.0,12.0,183,40,2.0,5.0,12.0,,,4.0,31.0,111.0,63.0,,,10.0,162.0,,,138.0,,308.0,390.0
FRESCO,6,2019,211.0,3.0,37.0,13.0,157,44,8.0,7.0,,,,1.0,17.0,111.0,5.0,,,10.0,127.0,1.0,,128.0,,308.0,389.0
GAGNOA 1,1,2019,59.0,51.0,35.0,7.0,498,193,146.0,37.0,2.0,3.0,1.0,45.0,51.0,682.0,710.0,105.0,58.0,125.0,489.0,775.0,,98.0,,1155.0,688.0
GAGNOA 1,2,2019,64.0,71.0,52.0,2.0,599,168,185.0,32.0,,5.0,,75.0,18.0,638.0,811.0,7.0,92.0,5.0,447.0,1238.0,,105.0,,976.0,1001.0
GAGNOA 1,3,2019,90.0,80.0,50.0,20.0,681,176,129.0,27.0,1.0,1.0,1.0,42.0,37.0,419.0,359.0,110.0,87.0,185.0,554.0,782.0,,130.0,,931.0,953.0
GAGNOA 1,4,2019,,70.0,50.0,17.0,947,117,118.0,27.0,2.0,17.0,2.0,71.0,85.0,594.0,405.0,109.0,90.0,238.0,831.0,716.0,,171.0,,1195.0,1077.0
GAGNOA 1,5,2019,95.0,62.0,78.0,21.0,647,156,135.0,20.0,10.0,2.0,,51.0,113.0,579.0,1642.0,109.0,83.0,162.0,691.0,1127.0,,119.0,,1116.0,1311.0
GAGNOA 1,6,2019,74.0,50.0,106.0,40.0,591,138,122.0,29.0,,1.0,,55.0,143.0,439.0,478.0,7.0,135.0,261.0,847.0,1406.0,,181.0,,1340.0,1615.0
GAGNOA 2,1,2019,342.0,48.0,14.0,6.0,393,94,43.0,11.0,,3.0,,43.0,7.0,330.0,63.0,7.0,70.0,22.0,469.0,85.0,,449.0,,192.0,69.0
GAGNOA 2,2,2019,347.0,47.0,11.0,2.0,238,122,31.0,5.0,,,,50.0,10.0,249.0,136.0,,112.0,68.0,435.0,555.0,,93.0,,187.0,436.0
GAGNOA 2,3,2019,351.0,58.0,12.0,5.0,291,111,52.0,10.0,,1.0,,54.0,25.0,292.0,1397.0,7.0,90.0,21.0,474.0,2560.0,,91.0,,232.0,1856.0
GAGNOA 2,4,2019,246.0,30.0,14.0,1.0,322,87,39.0,12.0,,,,25.0,4.0,253.0,43.0,,61.0,17.0,331.0,107.0,,69.0,,159.0,93.0
GAGNOA 2,5,2019,22.0,38.0,32.0,5.0,552,76,56.0,15.0,1.0,,,44.0,8.0,257.0,494.0,,78.0,47.0,332.0,1902.0,,80.0,,174.0,1886.0
GAGNOA 2,6,2019,6.0,39.0,24.0,5.0,227,97,21.0,27.0,,,,42.0,4.0,286.0,74.0,,69.0,36.0,373.0,120.0,,54.0,,141.0,850.0
GRAND-BASSAM,1,2019,18.0,82.0,53.0,1.0,728,119,118.0,36.0,21.0,14.0,34.0,95.0,82.0,577.0,593.0,44.0,151.0,41.0,711.0,613.0,,322.0,,1012.0,309.0
GRAND-BASSAM,2,2019,10.0,55.0,5.0,1.0,640,147,92.0,13.0,18.0,8.0,11.0,68.0,4.0,423.0,309.0,43.0,77.0,,694.0,547.0,,94.0,,439.0,342.0
GRAND-BASSAM,3,2019,21.0,85.0,4.0,,623,156,86.0,8.0,38.0,14.0,21.0,70.0,4.0,644.0,430.0,16.0,58.0,150.0,560.0,284.0,,242.0,,912.0,402.0
GRAND-BASSAM,4,2019,2.0,65.0,37.0,12.0,396,91,51.0,12.0,,8.0,13.0,46.0,52.0,345.0,197.0,4.0,80.0,147.0,307.0,209.0,,248.0,,803.0,340.0
GRAND-BASSAM,5,2019,7.0,48.0,53.0,12.0,649,98,106.0,15.0,16.0,8.0,20.0,45.0,76.0,454.0,381.0,10.0,70.0,109.0,358.0,339.0,,100.0,,96.0,221.0
GRAND-BASSAM,6,2019,9.0,46.0,63.0,12.0,611,77,79.0,12.0,20.0,10.0,23.0,53.0,72.0,454.0,292.0,25.0,63.0,129.0,511.0,320.0,,80.0,,533.0,454.0
GRAND-LAHOU,1,2019,4.0,22.0,3.0,,247,65,14.0,6.0,9.0,,,26.0,3.0,211.0,23.0,8.0,137.0,10.0,327.0,225.0,,111.0,,117.0,203.0
GRAND-LAHOU,2,2019,2.0,40.0,3.0,,200,57,12.0,9.0,,,,40.0,3.0,214.0,29.0,8.0,160.0,5.0,371.0,123.0,,120.0,,157.0,109.0
GRAND-LAHOU,3,2019,6.0,18.0,43.0,12.0,207,68,15.0,9.0,,1.0,1.0,24.0,57.0,283.0,36.0,8.0,124.0,101.0,365.0,104.0,,100.0,,82.0,86.0
GRAND-LAHOU,4,2019,6.0,32.0,23.0,12.0,230,56,15.0,6.0,,,,37.0,35.0,286.0,49.0,10.0,100.0,72.0,299.0,424.0,,47.0,,119.0,390.0
GRAND-LAHOU,5,2019,12.0,83.0,5.0,52.0,255,108,25.0,69.0,,,,94.0,57.0,363.0,102.0,7.0,131.0,94.0,506.0,301.0,,44.0,,145.0,394.0
GRAND-LAHOU,6,2019,75.0,28.0,54.0,1.0,281,43,85.0,7.0,1.0,,1.0,40.0,7.0,272.0,56.0,7.0,76.0,36.0,300.0,288.0,,55.0,,126.0,265.0
GUEYO,1,2019,97.0,36.0,1.0,,128,55,83.0,1.0,,,,43.0,,142.0,25.0,5.0,45.0,,142.0,23.0,,53.0,,115.0,31.0
GUEYO,2,2019,101.0,25.0,5.0,,103,43,4.0,1.0,,,,21.0,4.0,138.0,34.0,5.0,19.0,,142.0,62.0,,34.0,,92.0,37.0
GUEYO,3,2019,16.0,30.0,1.0,3.0,116,42,6.0,1.0,,,,27.0,1.0,131.0,36.0,,49.0,10.0,179.0,73.0,,49.0,,104.0,52.0
GUEYO,4,2019,91.0,23.0,2.0,,105,35,3.0,,,,,18.0,2.0,120.0,24.0,5.0,29.0,9.0,105.0,74.0,,47.0,,79.0,70.0
GUEYO,5,2019,91.0,18.0,3.0,,106,41,6.0,3.0,,,,16.0,3.0,93.0,51.0,5.0,30.0,,115.0,56.0,,35.0,,89.0,41.0
GUEYO,6,2019,95.0,41.0,2.0,2.0,121,34,5.0,9.0,,,,31.0,4.0,90.0,34.0,5.0,76.0,10.0,105.0,86.0,,3.0,,57.0,79.0
GUIGLO,1,2019,8.0,64.0,13.0,9.0,285,79,31.0,5.0,,,1.0,70.0,17.0,356.0,56.0,21.0,307.0,50.0,496.0,214.0,,348.0,,369.0,287.0
GUIGLO,2,2019,25.0,76.0,15.0,5.0,254,85,28.0,4.0,5.0,1.0,1.0,71.0,11.0,353.0,94.0,19.0,266.0,,478.0,149.0,,295.0,,309.0,169.0
GUIGLO,3,2019,5.0,93.0,18.0,9.0,256,80,22.0,1.0,5.0,1.0,1.0,61.0,11.0,279.0,71.0,10.0,188.0,110.0,360.0,213.0,,211.0,,285.0,245.0
GUIGLO,4,2019,15.0,62.0,12.0,2.0,238,83,34.0,14.0,,,,66.0,14.0,328.0,117.0,12.0,218.0,99.0,644.0,180.0,,255.0,,419.0,137.0
GUIGLO,5,2019,9.0,47.0,8.0,6.0,268,105,21.0,,,,1.0,44.0,14.0,350.0,31.0,9.0,223.0,85.0,652.0,209.0,,280.0,,398.0,246.0
GUIGLO,6,2019,3.0,59.0,19.0,2.0,283,120,21.0,3.0,1.0,1.0,2.0,71.0,21.0,398.0,92.0,20.0,245.0,71.0,767.0,126.0,,254.0,,443.0,101.0
GUITRY,1,2019,130.0,14.0,6.0,1.0,250,62,17.0,16.0,,,,14.0,5.0,163.0,45.0,,50.0,20.0,138.0,41.0,,40.0,,20.0,27.0
GUITRY,2,2019,140.0,27.0,66.0,9.0,171,51,22.0,9.0,,,,20.0,7.0,167.0,25.0,,64.0,23.0,229.0,71.0,,47.0,,78.0,49.0
GUITRY,3,2019,124.0,20.0,7.0,3.0,205,46,24.0,7.0,,,,20.0,10.0,188.0,32.0,,42.0,23.0,197.0,59.0,,36.0,,74.0,41.0
GUITRY,4,2019,77.0,14.0,5.0,4.0,222,44,23.0,4.0,,,,14.0,9.0,190.0,39.0,,35.0,18.0,186.0,62.0,,35.0,,58.0,53.0
GUITRY,5,2019,73.0,15.0,5.0,4.0,174,44,20.0,9.0,,,,16.0,9.0,180.0,34.0,,35.0,16.0,215.0,55.0,,39.0,,105.0,20.0
GUITRY,6,2019,160.0,31.0,,,154,56,19.0,9.0,,,4.0,27.0,,168.0,37.0,,33.0,,164.0,89.0,,23.0,,70.0,65.0
ISSIA,1,2019,2437.0,209.0,16.0,4.0,1327,237,454.0,18.0,371.0,2.0,2.0,88.0,11.0,223.0,65.0,15.0,98.0,55.0,178.0,123.0,,16.0,,38.0,59.0
ISSIA,2,2019,2535.0,212.0,14.0,,1237,221,342.0,25.0,385.0,2.0,2.0,66.0,12.0,58.0,80.0,16.0,85.0,44.0,61.0,214.0,,19.0,,3.0,134.0
ISSIA,3,2019,520.0,331.0,20.0,6.0,1262,249,426.0,28.0,395.0,10.0,9.0,72.0,23.0,41.0,36.0,17.0,135.0,24.0,68.0,79.0,,63.0,,27.0,43.0
ISSIA,4,2019,2749.0,187.0,14.0,,1371,166,463.0,18.0,408.0,4.0,4.0,82.0,6.0,173.0,675.0,11.0,90.0,101.0,175.0,1145.0,,51.0,,68.0,495.0
ISSIA,5,2019,2843.0,142.0,24.0,4.0,1322,143,472.0,16.0,413.0,2.0,165.0,96.0,28.0,517.0,660.0,12.0,183.0,90.0,451.0,1450.0,,94.0,,254.0,832.0
ISSIA,6,2019,2883.0,462.0,20.0,,1341,205,486.0,38.0,425.0,,,194.0,16.0,315.0,851.0,11.0,301.0,73.0,551.0,1055.0,,43.0,,604.0,389.0
JACQUEVILLE,1,2019,17.0,,18.0,4.0,271,51,40.0,9.0,,,,,20.0,195.0,92.0,,,26.0,211.0,103.0,,,,27.0,68.0
JACQUEVILLE,2,2019,18.0,1.0,28.0,1.0,126,37,28.0,1.0,,,,,,77.0,36.0,,,,133.0,88.0,,,,72.0,52.0
JACQUEVILLE,3,2019,20.0,5.0,10.0,8.0,157,41,35.0,4.0,,,,,10.0,61.0,14.0,,,60.0,109.0,37.0,,,,21.0,23.0
JACQUEVILLE,4,2019,30.0,7.0,97.0,16.0,215,43,36.0,7.0,,,,7.0,106.0,96.0,13.0,,10.0,131.0,139.0,305.0,,3.0,,43.0,292.0
JACQUEVILLE,5,2019,27.0,6.0,24.0,6.0,200,28,40.0,11.0,,,,5.0,17.0,88.0,82.0,,10.0,65.0,122.0,296.0,,5.0,,48.0,214.0
JACQUEVILLE,6,2019,27.0,18.0,35.0,3.0,229,90,44.0,4.0,,2.0,,14.0,38.0,113.0,25.0,,10.0,57.0,106.0,238.0,,3.0,,13.0,213.0
KANI,1,2019,35.0,27.0,,,78,31,,,,,,12.0,,21.0,,,20.0,,5.0,,,40.0,,33.0,
KANI,2,2019,37.0,27.0,,,62,40,,,,,,13.0,,27.0,,,34.0,,50.0,,,13.0,,22.0,
KANI,3,2019,,7.0,28.0,3.0,36,51,,,,,,13.0,,25.0,,,15.0,,,6.0,,16.0,,63.0,6.0
KANI,4,2019,33.0,36.0,,,97,37,,,,,,18.0,,33.0,,,15.0,,,6.0,,41.0,,35.0,6.0
KANI,5,2019,42.0,40.0,,,65,25,,,,,,13.0,,45.0,,,10.0,,50.0,5.0,,18.0,,41.0,
KANI,6,2019,41.0,14.0,,,92,21,,,,,,8.0,,43.0,,,10.0,,74.0,10.0,,20.0,,34.0,10.0
KANIASSO,1,2019,161.0,26.0,,,78,18,,,,,,,,,,,,,,,,,,,
KANIASSO,2,2019,154.0,29.0,,,67,29,,,,,,,,,,,,,,,,,,,
KANIASSO,3,2019,57.0,27.0,,,55,25,,,,,,2.0,,2.0,,,4.0,,24.0,,,2.0,,22.0,
KANIASSO,4,2019,222.0,38.0,,,83,25,1.0,,,1.0,,6.0,,11.0,,,7.0,,33.0,,,1.0,,22.0,
KANIASSO,5,2019,175.0,24.0,3.0,,76,25,,,11.0,1.0,,,,,,,,,,,,,,,
KANIASSO,6,2019,177.0,47.0,,,88,21,,,,,,4.0,,8.0,,,13.0,,21.0,,,11.0,,15.0,
KATIOLA,1,2019,148.0,71.0,7.0,,285,85,17.0,6.0,,1.0,,109.0,7.0,327.0,2.0,,118.0,7.0,213.0,18.0,,96.0,,130.0,15.0
KATIOLA,2,2019,,91.0,,,283,76,17.0,6.0,,,,101.0,,283.0,44.0,,208.0,,274.0,55.0,,197.0,,223.0,29.0
KATIOLA,3,2019,,98.0,,1.0,246,224,19.0,7.0,,2.0,9.0,84.0,1.0,311.0,25.0,2.0,100.0,45.0,265.0,39.0,,141.0,,119.0,14.0
KATIOLA,4,2019,227.0,76.0,2.0,1.0,349,95,14.0,5.0,,,2.0,87.0,3.0,383.0,46.0,,100.0,19.0,325.0,44.0,,110.0,,107.0,6.0
KATIOLA,5,2019,1.0,82.0,9.0,4.0,282,82,13.0,6.0,,1.0,14.0,63.0,13.0,180.0,62.0,10.0,130.0,36.0,210.0,36.0,,105.0,,121.0,5.0
KATIOLA,6,2019,,92.0,3.0,2.0,332,98,15.0,5.0,,,,89.0,21.0,326.0,75.0,,173.0,94.0,500.0,90.0,,39.0,,254.0,20.0
KONG,1,2019,28.0,30.0,37.0,7.0,103,23,,1.0,,,,,,,,,,,,,,,,,
KONG,2,2019,9.0,15.0,32.0,,110,42,,,,,,,,,,,,,,,,,,,
KONG,3,2019,13.0,17.0,33.0,,118,40,,,,,,,,,,,,,,,,,,,
KONG,4,2019,13.0,18.0,32.0,1.0,150,37,,,,,,,,,,,,,,,,,,,
KONG,5,2019,16.0,135.0,33.0,6.0,125,67,,3.0,2.0,,,,,,,,,,,,,,,,
KONG,6,2019,30.0,16.0,30.0,3.0,101,21,,,,,,,,,,,,,,,,,,,
KORHOGO 1,1,2019,15.0,169.0,82.0,31.0,1350,530,26.0,158.0,17.0,2.0,2.0,145.0,113.0,1214.0,76.0,32.0,333.0,214.0,3608.0,494.0,,270.0,,2626.0,534.0
KORHOGO 1,2,2019,1.0,214.0,43.0,5.0,1133,459,544.0,199.0,,16.0,16.0,220.0,48.0,1473.0,757.0,85.0,400.0,90.0,2401.0,1477.0,,233.0,,1062.0,763.0
KORHOGO 1,3,2019,,241.0,41.0,10.0,1336,569,15.0,9.0,,13.0,13.0,226.0,48.0,1903.0,189.0,54.0,378.0,198.0,2292.0,782.0,,234.0,,667.0,675.0
KORHOGO 1,4,2019,36.0,230.0,55.0,26.0,848,1061,58.0,176.0,12.0,1.0,13.0,269.0,94.0,1835.0,261.0,60.0,488.0,317.0,2683.0,796.0,,237.0,,926.0,613.0
KORHOGO 1,5,2019,1.0,467.0,69.0,14.0,1332,539,314.0,163.0,,7.0,7.0,323.0,187.0,1637.0,522.0,97.0,549.0,717.0,2354.0,818.0,,282.0,,956.0,464.0
KORHOGO 1,6,2019,13.0,213.0,357.0,133.0,1084,376,145.0,82.0,,15.0,12.0,226.0,487.0,1437.0,277.0,85.0,403.0,755.0,2181.0,841.0,,230.0,,983.0,650.0
KORHOGO 2,1,2019,,26.0,2.0,4.0,197,60,1.0,,,,,26.0,7.0,258.0,2.0,2.0,93.0,23.0,413.0,44.0,,69.0,,180.0,38.0
KORHOGO 2,2,2019,9.0,27.0,3.0,6.0,176,54,1.0,,,1.0,,29.0,9.0,232.0,1.0,2.0,106.0,24.0,397.0,23.0,,93.0,,216.0,22.0
KORHOGO 2,3,2019,5.0,34.0,,,195,70,1.0,,,,,42.0,,265.0,1.0,2.0,102.0,15.0,354.0,7.0,,71.0,,113.0,9.0
KORHOGO 2,4,2019,3.0,29.0,,4.0,183,53,1.0,,,,,33.0,4.0,238.0,1.0,2.0,114.0,45.0,412.0,20.0,,81.0,,176.0,19.0
KORHOGO 2,5,2019,1.0,25.0,4.0,2.0,223,48,1.0,1.0,,,,30.0,8.0,271.0,2.0,2.0,79.0,49.0,447.0,16.0,,60.0,,199.0,14.0
KORHOGO 2,6,2019,11.0,25.0,8.0,7.0,196,47,2.0,,,,,26.0,15.0,233.0,2.0,2.0,94.0,50.0,385.0,14.0,,66.0,,127.0,12.0
KORO,1,2019,189.0,15.0,,,186,27,4.0,,,,,16.0,,66.0,,,48.0,,166.0,,,47.0,,222.0,1.0
KORO,2,2019,196.0,20.0,,,195,39,3.0,,,,,20.0,,56.0,18.0,,31.0,,127.0,40.0,,40.0,,236.0,23.0
KORO,3,2019,278.0,35.0,,,198,21,9.0,,,,,35.0,,65.0,9.0,,78.0,,200.0,13.0,,68.0,,296.0,14.0
KORO,4,2019,308.0,19.0,,,254,52,10.0,7.0,,,,15.0,,70.0,8.0,,64.0,,107.0,390.0,,72.0,,115.0,338.0
KORO,5,2019,323.0,28.0,,,217,60,15.0,24.0,,,,25.0,,89.0,29.0,,41.0,,155.0,142.0,,65.0,,141.0,63.0
KORO,6,2019,347.0,16.0,,,305,49,20.0,14.0,,,,15.0,,70.0,10.0,,52.0,,242.0,142.0,,48.0,,235.0,151.0
KOUASSI KOUASSIKRO,1,2019,15.0,,2.0,,31,8,3.0,2.0,,,,,,27.0,2.0,,9.0,,60.0,5.0,,9.0,,32.0,3.0
KOUASSI KOUASSIKRO,2,2019,15.0,,2.0,,29,15,3.0,5.0,,,,,,27.0,1.0,,9.0,,38.0,5.0,,9.0,,28.0,4.0
KOUASSI KOUASSIKRO,3,2019,15.0,1.0,,,20,18,5.0,2.0,,,,1.0,,38.0,7.0,,9.0,,43.0,10.0,,12.0,,11.0,3.0
KOUASSI KOUASSIKRO,4,2019,16.0,,,,31,13,6.0,2.0,,,,5.0,,44.0,8.0,,9.0,10.0,60.0,12.0,,8.0,,19.0,10.0
KOUASSI KOUASSIKRO,5,2019,16.0,2.0,,,20,9,6.0,3.0,,,,2.0,,29.0,8.0,,9.0,,65.0,10.0,,11.0,,38.0,9.0
KOUASSI KOUASSIKRO,6,2019,16.0,3.0,,,30,7,8.0,5.0,,,,3.0,,25.0,4.0,,1.0,6.0,32.0,,,9.0,,29.0,5.0
KOUIBLY,1,2019,1124.0,73.0,180.0,6.0,1599,80,164.0,56.0,,,,33.0,3.0,182.0,207.0,,20.0,10.0,209.0,79.0,,70.0,,149.0,561.0
KOUIBLY,2,2019,1323.0,66.0,78.0,2.0,1643,74,211.0,36.0,,,,36.0,1.0,190.0,195.0,,109.0,,250.0,68.0,,120.0,,176.0,249.0
KOUIBLY,3,2019,1171.0,70.0,67.0,9.0,1543,96,109.0,17.0,5.0,,,52.0,6.0,154.0,168.0,,52.0,12.0,200.0,346.0,,100.0,,195.0,261.0
KOUIBLY,4,2019,1050.0,71.0,69.0,4.0,1629,86,140.0,17.0,5.0,,,44.0,4.0,164.0,403.0,,57.0,7.0,272.0,957.0,,86.0,,224.0,465.0
KOUIBLY,5,2019,1267.0,72.0,57.0,2.0,1933,79,138.0,24.0,,,,44.0,10.0,194.0,158.0,,45.0,5.0,209.0,34.0,,120.0,,188.0,329.0
KOUIBLY,6,2019,1291.0,58.0,48.0,3.0,1882,63,240.0,11.0,7.0,,,53.0,2.0,162.0,171.0,,72.0,,200.0,34.0,,67.0,,161.0,137.0
KOUMASSI,1,2019,24.0,81.0,2.0,,1007,100,485.0,19.0,4.0,10.0,13.0,95.0,2.0,1045.0,1441.0,93.0,285.0,2.0,1650.0,2894.0,,194.0,,732.0,1479.0
KOUMASSI,2,2019,15.0,53.0,,,820,97,591.0,11.0,,9.0,9.0,70.0,1.0,726.0,1947.0,85.0,347.0,50.0,525.0,5189.0,,313.0,,1320.0,3347.0
KOUMASSI,3,2019,41.0,82.0,11.0,23.0,948,86,377.0,23.0,5.0,10.0,15.0,123.0,4.0,917.0,1093.0,90.0,230.0,170.0,2510.0,3070.0,,145.0,,1622.0,2009.0
KOUMASSI,4,2019,25.0,68.0,64.0,33.0,1070,144,726.0,28.0,2.0,11.0,14.0,98.0,1.0,1092.0,2257.0,142.0,446.0,20.0,3150.0,9035.0,,396.0,,340.0,7168.0
KOUMASSI,5,2019,53.0,63.0,141.0,15.0,560,35,332.0,9.0,3.0,6.0,6.0,107.0,111.0,543.0,999.0,75.0,202.0,1183.0,1264.0,3523.0,,145.0,,841.0,2723.0
KOUMASSI,6,2019,25.0,64.0,241.0,24.0,757,82,306.0,11.0,5.0,7.0,7.0,73.0,215.0,617.0,956.0,60.0,160.0,1096.0,1195.0,2930.0,,109.0,,515.0,2096.0
KOUN-FAO,1,2019,2.0,2.0,95.0,7.0,424,70,86.0,14.0,1.0,,,2.0,5.0,246.0,92.0,,32.0,95.0,317.0,240.0,,45.0,,160.0,254.0
KOUN-FAO,2,2019,3.0,7.0,51.0,7.0,403,107,101.0,19.0,1.0,,,7.0,8.0,303.0,126.0,,7.0,10.0,377.0,221.0,,32.0,,208.0,321.0
KOUN-FAO,3,2019,2.0,9.0,47.0,5.0,398,81,84.0,20.0,1.0,2.0,,11.0,5.0,240.0,116.0,,25.0,30.0,258.0,232.0,,31.0,,140.0,321.0
KOUN-FAO,4,2019,2.0,8.0,50.0,4.0,407,79,78.0,7.0,1.0,,7.0,7.0,8.0,252.0,47.0,7.0,26.0,25.0,320.0,70.0,,22.0,,152.0,280.0
KOUN-FAO,5,2019,5.0,8.0,60.0,16.0,449,72,98.0,13.0,3.0,,,8.0,29.0,262.0,131.0,3.0,37.0,160.0,360.0,233.0,,43.0,,159.0,332.0
KOUN-FAO,6,2019,5.0,8.0,100.0,22.0,365,62,81.0,5.0,2.0,,1.0,8.0,70.0,211.0,66.0,,19.0,196.0,322.0,230.0,,33.0,,204.0,311.0
KOUNAHIRI,1,2019,35.0,4.0,,,62,22,,,,,,4.0,,53.0,,,16.0,,49.0,2.0,,19.0,,27.0,2.0
KOUNAHIRI,2,2019,35.0,12.0,3.0,1.0,61,22,,,,,,12.0,4.0,65.0,,,18.0,5.0,48.0,,,30.0,,28.0,11.0
KOUNAHIRI,3,2019,4.0,24.0,,,65,42,,1.0,,,,24.0,8.0,82.0,1.0,,22.0,25.0,65.0,,,16.0,,35.0,3.0
KOUNAHIRI,4,2019,5.0,26.0,1.0,,69,42,,,,,,26.0,11.0,106.0,,,27.0,5.0,88.0,,,19.0,,25.0,3.0
KOUNAHIRI,5,2019,5.0,16.0,4.0,,75,36,2.0,1.0,,,,10.0,4.0,78.0,2.0,,3.0,5.0,80.0,4.0,,13.0,,32.0,8.0
KOUNAHIRI,6,2019,6.0,12.0,3.0,1.0,82,23,,,,,,17.0,4.0,79.0,1.0,,32.0,5.0,80.0,2.0,,19.0,,32.0,1.0
KOUTO,1,2019,,25.0,19.0,2.0,121,56,12.0,1.0,,,,24.0,2.0,157.0,5.0,,84.0,5.0,326.0,7.0,,65.0,,236.0,2.0
KOUTO,2,2019,,28.0,2.0,,129,74,9.0,3.0,,,,28.0,2.0,185.0,12.0,,67.0,10.0,264.0,2.0,,55.0,,205.0,
KOUTO,3,2019,,37.0,6.0,5.0,125,81,2.0,2.0,,,,36.0,7.0,172.0,3.0,,69.0,112.0,292.0,12.0,,42.0,,198.0,8.0
KOUTO,4,2019,,76.0,5.0,6.0,139,75,6.0,1.0,,,,76.0,11.0,192.0,7.0,,105.0,99.0,303.0,9.0,,49.0,,210.0,2.0
KOUTO,5,2019,,21.0,7.0,2.0,129,59,4.0,2.0,,,,16.0,6.0,133.0,4.0,,54.0,91.0,174.0,4.0,,42.0,,117.0,
KOUTO,6,2019,6.0,37.0,12.0,2.0,140,57,5.0,1.0,,,,33.0,14.0,139.0,3.0,,67.0,105.0,307.0,5.0,,43.0,,206.0,2.0
LAKOTA,1,2019,296.0,72.0,81.0,19.0,371,107,89.0,10.0,,1.0,,59.0,57.0,275.0,96.0,,103.0,108.0,183.0,276.0,,123.0,,161.0,340.0
LAKOTA,2,2019,267.0,71.0,56.0,17.0,363,133,82.0,10.0,6.0,5.0,,64.0,25.0,140.0,58.0,,72.0,40.0,272.0,251.0,,99.0,,310.0,324.0
LAKOTA,3,2019,271.0,58.0,73.0,11.0,377,105,101.0,9.0,,3.0,,61.0,33.0,249.0,115.0,,120.0,80.0,334.0,364.0,,152.0,,321.0,554.0
LAKOTA,4,2019,328.0,47.0,81.0,11.0,361,81,108.0,17.0,,2.0,,50.0,31.0,206.0,69.0,,92.0,75.0,362.0,322.0,,145.0,,330.0,536.0
LAKOTA,5,2019,280.0,63.0,86.0,14.0,390,73,133.0,11.0,2.0,,,59.0,41.0,223.0,156.0,,62.0,50.0,190.0,286.0,,84.0,,263.0,337.0
LAKOTA,6,2019,291.0,55.0,95.0,10.0,400,86,120.0,8.0,3.0,,4.0,21.0,35.0,116.0,126.0,25.0,36.0,39.0,155.0,241.0,,27.0,,164.0,300.0
M'BATTO,1,2019,10.0,18.0,4.0,,139,48,36.0,11.0,,,,18.0,2.0,120.0,57.0,,26.0,3.0,77.0,145.0,,18.0,,29.0,157.0
M'BATTO,2,2019,8.0,7.0,3.0,,147,47,26.0,6.0,,,,5.0,3.0,123.0,60.0,,18.0,1.0,109.0,74.0,,22.0,,41.0,119.0
M'BATTO,3,2019,1.0,13.0,2.0,,163,50,71.0,12.0,,,,10.0,2.0,131.0,103.0,,30.0,,97.0,70.0,,26.0,,49.0,62.0
M'BATTO,4,2019,8.0,15.0,4.0,,126,75,50.0,16.0,,,,10.0,,86.0,74.0,,11.0,,148.0,85.0,,6.0,,83.0,43.0
M'BATTO,5,2019,,9.0,1.0,50.0,164,46,40.0,14.0,,,,9.0,1.0,105.0,70.0,,19.0,15.0,78.0,175.0,,14.0,,62.0,130.0
M'BATTO,6,2019,1.0,11.0,,,164,51,52.0,12.0,,,,8.0,,171.0,107.0,,12.0,,222.0,83.0,,13.0,,116.0,71.0
M'BENGUE,1,2019,,18.0,5.0,2.0,144,83,2.0,1.0,,,,21.0,7.0,215.0,7.0,,68.0,15.0,377.0,101.0,,52.0,,181.0,92.0
M'BENGUE,2,2019,3.0,27.0,,1.0,171,74,,,,,,30.0,1.0,244.0,,,56.0,4.0,294.0,93.0,,42.0,,111.0,3.0
M'BENGUE,3,2019,,38.0,,,167,89,,10.0,,,,32.0,,264.0,13.0,,71.0,4.0,392.0,108.0,,52.0,,174.0,95.0
M'BENGUE,4,2019,,24.0,1.0,4.0,151,106,,7.0,,3.0,,27.0,7.0,257.0,7.0,,93.0,39.0,483.0,102.0,,73.0,,257.0,95.0
M'BENGUE,5,2019,,24.0,12.0,9.0,135,95,,3.0,,,,20.0,28.0,273.0,3.0,,96.0,59.0,403.0,130.0,,102.0,,234.0,127.0
M'BENGUE,6,2019,2.0,31.0,8.0,20.0,153,72,9.0,15.0,,,,31.0,28.0,227.0,24.0,,61.0,61.0,251.0,142.0,,65.0,,199.0,118.0
MADINANI,1,2019,311.0,13.0,1.0,,62,15,1.0,1.0,,,,15.0,,39.0,12.0,,36.0,,32.0,10.0,,82.0,,49.0,76.0
MADINANI,2,2019,413.0,12.0,1.0,,110,10,2.0,1.0,,,,16.0,,29.0,62.0,,14.0,,51.0,,,54.0,,51.0,2.0
MADINANI,3,2019,351.0,30.0,1.0,,144,14,,2.0,,,,22.0,,36.0,5.0,,15.0,100.0,64.0,3.0,,29.0,,61.0,
MADINANI,4,2019,448.0,21.0,1.0,2.0,180,23,1.0,1.0,,2.0,,20.0,1.0,22.0,90.0,,40.0,100.0,62.0,150.0,,52.0,,65.0,60.0
MADINANI,5,2019,223.0,14.0,1.0,,59,11,,,,,,8.0,,15.0,,,21.0,10.0,11.0,,,36.0,,29.0,
MADINANI,6,2019,324.0,11.0,,,73,14,3.0,,,,,8.0,11.0,42.0,30.0,,26.0,,32.0,,,43.0,,58.0,420.0
MAN,1,2019,78.0,149.0,51.0,21.0,436,239,40.0,10.0,,9.0,5.0,152.0,15.0,583.0,77.0,15.0,233.0,3.0,942.0,149.0,,156.0,,522.0,159.0
MAN,2,2019,28.0,114.0,,5.0,300,152,43.0,10.0,,4.0,4.0,137.0,3.0,469.0,52.0,9.0,188.0,,448.0,110.0,,152.0,,434.0,129.0
MAN,3,2019,91.0,81.0,33.0,5.0,457,117,57.0,7.0,,2.0,2.0,141.0,37.0,481.0,104.0,5.0,144.0,155.0,500.0,432.0,,96.0,,344.0,378.0
MAN,4,2019,165.0,87.0,16.0,4.0,390,158,117.0,13.0,,7.0,7.0,112.0,20.0,455.0,131.0,13.0,229.0,50.0,930.0,177.0,,178.0,,491.0,315.0
MAN,5,2019,157.0,60.0,60.0,17.0,374,123,76.0,7.0,1.0,6.0,3.0,77.0,71.0,503.0,145.0,6.0,148.0,150.0,802.0,203.0,,164.0,,630.0,250.0
MAN,6,2019,18.0,50.0,63.0,10.0,476,141,46.0,21.0,1.0,11.0,6.0,75.0,109.0,529.0,89.0,14.0,92.0,103.0,670.0,108.0,,278.0,,488.0,181.0
MANKONO,1,2019,324.0,69.0,1.0,1.0,112,82,,2.0,,,,82.0,6.0,147.0,5.0,,149.0,15.0,421.0,46.0,,193.0,,478.0,573.0
MANKONO,2,2019,234.0,70.0,10.0,9.0,107,90,2.0,4.0,,1.0,1.0,64.0,1.0,175.0,29.0,6.0,164.0,27.0,435.0,128.0,,154.0,,352.0,724.0
MANKONO,3,2019,130.0,85.0,,,158,89,,,,,,78.0,,208.0,,,162.0,15.0,414.0,28.0,,105.0,,284.0,553.0
MANKONO,4,2019,11.0,68.0,2.0,9.0,117,64,1.0,2.0,,,1.0,58.0,11.0,133.0,5.0,,130.0,25.0,364.0,25.0,,94.0,,265.0,549.0
MANKONO,5,2019,9.0,71.0,1.0,1.0,91,63,,,,,7.0,47.0,7.0,125.0,1.0,17.0,66.0,22.0,302.0,22.0,,43.0,,229.0,548.0
MANKONO,6,2019,152.0,63.0,4.0,1.0,113,73,,3.0,,,,47.0,5.0,110.0,13.0,5.0,125.0,46.0,403.0,556.0,,67.0,,279.0,541.0
MBAHIAKRO,1,2019,71.0,11.0,12.0,4.0,139,33,19.0,16.0,,,,11.0,16.0,113.0,87.0,5.0,37.0,18.0,246.0,137.0,,92.0,,250.0,543.0
MBAHIAKRO,2,2019,72.0,15.0,3.0,4.0,143,42,29.0,17.0,,,,13.0,6.0,129.0,155.0,,37.0,15.0,165.0,642.0,,91.0,,248.0,923.0
MBAHIAKRO,3,2019,8.0,6.0,4.0,1.0,161,48,37.0,19.0,,,,8.0,10.0,168.0,197.0,5.0,34.0,21.0,184.0,139.0,,87.0,,205.0,825.0
MBAHIAKRO,4,2019,46.0,13.0,10.0,3.0,156,60,26.0,11.0,,,,14.0,13.0,153.0,57.0,5.0,30.0,107.0,124.0,59.0,,81.0,,167.0,780.0
MBAHIAKRO,5,2019,60.0,18.0,8.0,4.0,201,51,41.0,14.0,,,,14.0,18.0,188.0,90.0,5.0,39.0,6.0,163.0,135.0,,78.0,,127.0,770.0
MBAHIAKRO,6,2019,3.0,7.0,30.0,9.0,54,12,20.0,4.0,,,3.0,11.0,39.0,131.0,137.0,8.0,26.0,84.0,89.0,71.0,,16.0,,89.0,717.0
MEAGUI,1,2019,94.0,132.0,7.0,1.0,365,155,18.0,6.0,18.0,24.0,8.0,108.0,7.0,575.0,47.0,46.0,282.0,9.0,597.0,108.0,,190.0,,226.0,95.0
MEAGUI,2,2019,100.0,145.0,1.0,,313,113,31.0,6.0,19.0,12.0,9.0,154.0,1.0,357.0,142.0,101.0,492.0,8.0,767.0,303.0,,405.0,,595.0,184.0
MEAGUI,3,2019,113.0,203.0,4.0,5.0,453,186,24.0,18.0,23.0,16.0,16.0,200.0,4.0,545.0,61.0,88.0,531.0,68.0,876.0,248.0,,421.0,,519.0,235.0
MEAGUI,4,2019,98.0,129.0,7.0,2.0,554,169,37.0,11.0,26.0,20.0,15.0,128.0,9.0,512.0,93.0,52.0,402.0,22.0,750.0,262.0,,395.0,,477.0,247.0
MEAGUI,5,2019,122.0,174.0,8.0,18.0,474,198,23.0,14.0,43.0,15.0,12.0,188.0,18.0,615.0,126.0,32.0,402.0,48.0,639.0,200.0,,399.0,,285.0,162.0
MEAGUI,6,2019,76.0,145.0,11.0,6.0,439,155,24.0,2.0,32.0,13.0,13.0,137.0,21.0,535.0,79.0,48.0,581.0,81.0,1091.0,163.0,,228.0,,408.0,189.0
MINIGNAN,1,2019,400.0,16.0,,,357,16,,,,,,3.0,,2.0,,,,,,,,4.0,,12.0,
MINIGNAN,2,2019,481.0,20.0,,,367,15,,,,,,8.0,,7.0,,,15.0,,10.0,,,7.0,,18.0,
MINIGNAN,3,2019,402.0,23.0,,,364,22,,,,,,4.0,,4.0,,,20.0,,,,,16.0,,,
MINIGNAN,4,2019,411.0,20.0,,,363,27,,,,,,1.0,,5.0,,,,,,,,3.0,,,
MINIGNAN,5,2019,412.0,17.0,,,358,21,,,,,,27.0,,37.0,,,50.0,,50.0,,,23.0,,13.0,
MINIGNAN,6,2019,415.0,19.0,,,340,14,,,,1.0,,7.0,,1.0,,,28.0,,14.0,,,28.0,,13.0,
NASSIAN,1,2019,,13.0,,,102,49,12.0,9.0,,,,13.0,,126.0,47.0,,13.0,,104.0,106.0,,60.0,,75.0,206.0
NASSIAN,2,2019,,13.0,,,67,52,13.0,9.0,,,,10.0,,119.0,57.0,1.0,34.0,,193.0,97.0,,76.0,,137.0,150.0
NASSIAN,3,2019,,27.0,,,57,53,18.0,29.0,,1.0,,27.0,,101.0,55.0,,35.0,,100.0,79.0,,45.0,,155.0,89.0
NASSIAN,4,2019,,21.0,,,104,68,8.0,8.0,,,,26.0,,179.0,22.0,,35.0,,187.0,101.0,,38.0,,172.0,120.0
NASSIAN,5,2019,,21.0,,,120,56,5.0,4.0,,,,21.0,,170.0,24.0,,46.0,,161.0,49.0,,28.0,,144.0,72.0
NASSIAN,6,2019,,17.0,,,77,72,15.0,28.0,,,,17.0,,124.0,55.0,,1.0,,154.0,170.0,,20.0,,72.0,162.0
NIAKARAMADOUGOU,1,2019,1250.0,68.0,93.0,,2085,91,174.0,1.0,52.0,4.0,4.0,76.0,,327.0,120.0,10.0,120.0,,519.0,8460.0,,266.0,,300.0,8775.0
NIAKARAMADOUGOU,2,2019,1228.0,58.0,93.0,2.0,2079,99,146.0,,56.0,5.0,5.0,54.0,2.0,333.0,215.0,10.0,114.0,6.0,593.0,8456.0,,243.0,,374.0,8576.0
NIAKARAMADOUGOU,3,2019,1247.0,66.0,90.0,,2142,90,141.0,2.0,59.0,1.0,1.0,54.0,2.0,315.0,1728.0,10.0,106.0,20.0,541.0,8430.0,,136.0,,364.0,6518.0
NIAKARAMADOUGOU,4,2019,873.0,72.0,77.0,4.0,2052,86,151.0,4.0,60.0,4.0,1.0,70.0,4.0,318.0,51.0,10.0,137.0,100.0,466.0,8489.0,,178.0,,261.0,6567.0
NIAKARAMADOUGOU,5,2019,1314.0,54.0,124.0,14.0,2050,66,143.0,7.0,63.0,7.0,13.0,59.0,25.0,296.0,76.0,20.0,115.0,150.0,488.0,8580.0,,184.0,,311.0,6613.0
NIAKARAMADOUGOU,6,2019,1336.0,65.0,101.0,3.0,2083,90,141.0,4.0,64.0,2.0,1.0,54.0,7.0,314.0,63.0,10.0,131.0,100.0,589.0,8502.0,,4.0,,174.0,6539.0
ODIENNE,1,2019,274.0,75.0,7.0,1.0,351,55,10.0,5.0,,1.0,,40.0,2.0,126.0,5.0,,82.0,,180.0,11.0,,89.0,,175.0,12.0
ODIENNE,2,2019,1003.0,574.0,13.0,1.0,1240,89,379.0,3.0,,1.0,,51.0,,152.0,37.0,,104.0,,233.0,4.0,,101.0,,179.0,861.0
ODIENNE,3,2019,628.0,80.0,5.0,,618,91,8.0,3.0,,,,59.0,3.0,121.0,3.0,,91.0,20.0,230.0,12.0,,108.0,,160.0,867.0
ODIENNE,4,2019,1346.0,57.0,19.0,6.0,833,108,7.0,5.0,,4.0,,56.0,4.0,175.0,13.0,,59.0,10.0,166.0,14.0,,110.0,,128.0,13.0
ODIENNE,5,2019,317.0,82.0,1.0,3.0,837,83,378.0,4.0,2.0,,,74.0,5.0,200.0,6.0,,81.0,,270.0,10.0,,77.0,,152.0,11.0
ODIENNE,6,2019,583.0,58.0,107.0,13.0,742,112,11.0,3.0,,,,56.0,7.0,151.0,4.0,,92.0,5.0,271.0,2.0,,67.0,,202.0,8.0
OUANGOLODOUGOU,1,2019,51.0,20.0,112.0,28.0,374,101,9.0,7.0,10.0,4.0,,15.0,6.0,149.0,8.0,10.0,23.0,6.0,209.0,,,101.0,,269.0,125.0
OUANGOLODOUGOU,2,2019,84.0,30.0,38.0,2.0,473,98,28.0,12.0,11.0,,,17.0,8.0,123.0,10.0,,20.0,,93.0,,,87.0,,158.0,115.0
OUANGOLODOUGOU,3,2019,47.0,84.0,27.0,4.0,436,115,22.0,,5.0,2.0,,,,31.0,,,,,109.0,,,,,81.0,
OUANGOLODOUGOU,4,2019,60.0,37.0,30.0,4.0,465,102,10.0,4.0,4.0,2.0,,11.0,,136.0,,,71.0,,242.0,,,62.0,,107.0,
OUANGOLODOUGOU,5,2019,63.0,39.0,5.0,3.0,240,59,9.0,1.0,8.0,3.0,,14.0,,49.0,,110.0,20.0,,137.0,,,6.0,,88.0,
OUANGOLODOUGOU,6,2019,30.0,29.0,3.0,1.0,299,99,3.0,,,4.0,,,,16.0,,,,,56.0,,,,,40.0,
OUANINOU,1,2019,147.0,13.0,,,252,20,18.0,4.0,,,,6.0,,23.0,,,12.0,,48.0,,,10.0,,42.0,4.0
OUANINOU,2,2019,164.0,19.0,,,279,20,75.0,,,,,8.0,,13.0,,,16.0,,40.0,,,11.0,,46.0,9.0
OUANINOU,3,2019,138.0,10.0,,,290,22,18.0,,,,,9.0,,18.0,,,13.0,,30.0,6.0,,16.0,,54.0,4.0
OUANINOU,4,2019,140.0,11.0,,,250,13,13.0,5.0,,,,11.0,,13.0,2.0,,66.0,,83.0,70.0,,64.0,,108.0,72.0
OUANINOU,5,2019,147.0,7.0,,,289,13,16.0,,,,,2.0,,22.0,,,9.0,,48.0,23.0,,37.0,,86.0,46.0
OUANINOU,6,2019,169.0,8.0,,,244,12,14.0,1.0,,,,3.0,,18.0,5.0,,15.0,,71.0,20.0,,39.0,,135.0,63.0
OUME,1,2019,281.0,81.0,156.0,5.0,977,135,324.0,13.0,3.0,,,74.0,59.0,376.0,186.0,7.0,212.0,75.0,696.0,905.0,,182.0,,431.0,889.0
OUME,2,2019,299.0,44.0,50.0,,1015,126,345.0,12.0,3.0,8.0,,45.0,1.0,377.0,117.0,,101.0,25.0,706.0,663.0,,106.0,,435.0,547.0
OUME,3,2019,279.0,58.0,152.0,12.0,576,100,104.0,13.0,3.0,3.0,,65.0,22.0,365.0,39.0,7.0,195.0,179.0,515.0,456.0,,148.0,,205.0,585.0
OUME,4,2019,351.0,28.0,75.0,9.0,923,77,349.0,9.0,3.0,1.0,1.0,36.0,22.0,347.0,460.0,17.0,190.0,182.0,789.0,2124.0,,203.0,,474.0,1704.0
OUME,5,2019,124.0,37.0,101.0,34.0,879,136,345.0,14.0,3.0,4.0,4.0,41.0,34.0,413.0,623.0,7.0,178.0,170.0,820.0,717.0,,106.0,,500.0,1069.0
OUME,6,2019,65.0,19.0,92.0,14.0,801,56,324.0,7.0,,1.0,1.0,22.0,56.0,215.0,461.0,12.0,168.0,129.0,543.0,1148.0,,44.0,,378.0,1109.0
PORT-BOUET-VRIDI,1,2019,68.0,41.0,14.0,4.0,814,126,74.0,11.0,10.0,3.0,31.0,139.0,10.0,797.0,374.0,63.0,1749.0,,1855.0,3425.0,,1801.0,,1468.0,2126.0
PORT-BOUET-VRIDI,2,2019,63.0,39.0,6.0,1.0,713,150,121.0,20.0,10.0,2.0,26.0,131.0,1.0,1225.0,602.0,110.0,980.0,,2209.0,2090.0,,1058.0,,1458.0,1739.0
PORT-BOUET-VRIDI,3,2019,62.0,33.0,12.0,3.0,665,140,151.0,14.0,4.0,2.0,27.0,109.0,16.0,1159.0,451.0,87.0,916.0,135.0,1365.0,1736.0,,1012.0,,926.0,1662.0
PORT-BOUET-VRIDI,4,2019,69.0,37.0,117.0,10.0,695,125,94.0,6.0,8.0,9.0,27.0,140.0,131.0,898.0,478.0,87.0,982.0,60.0,2250.0,1995.0,,1033.0,,2045.0,2425.0
PORT-BOUET-VRIDI,5,2019,71.0,38.0,26.0,5.0,695,194,176.0,27.0,10.0,4.0,28.0,129.0,15.0,1283.0,555.0,39.0,905.0,304.0,2390.0,1364.0,,994.0,,1318.0,3393.0
PORT-BOUET-VRIDI,6,2019,35.0,41.0,67.0,18.0,764,179,109.0,10.0,6.0,4.0,20.0,2889.0,424.0,997.0,398.0,119.0,803.0,642.0,2501.0,4192.0,,899.0,,1999.0,4063.0
PRIKRO,1,2019,87.0,19.0,15.0,,210,51,14.0,3.0,,,,17.0,,143.0,13.0,,50.0,,229.0,26.0,,46.0,,141.0,30.0
PRIKRO,2,2019,86.0,19.0,15.0,,203,69,16.0,4.0,,2.0,2.0,11.0,,116.0,20.0,10.0,50.0,,252.0,54.0,,50.0,,168.0,34.0
PRIKRO,3,2019,110.0,28.0,17.0,,252,56,15.0,3.0,1.0,1.0,,20.0,2.0,135.0,29.0,10.0,57.0,2.0,231.0,37.0,,38.0,,138.0,18.0
PRIKRO,4,2019,117.0,7.0,15.0,1.0,154,44,24.0,2.0,4.0,,,7.0,1.0,110.0,22.0,10.0,65.0,1.0,199.0,50.0,,76.0,,173.0,28.0
PRIKRO,5,2019,117.0,10.0,16.0,,246,37,15.0,1.0,2.0,,,6.0,1.0,100.0,14.0,,48.0,1.0,150.0,36.0,,56.0,,134.0,23.0
PRIKRO,6,2019,71.0,11.0,15.0,,255,45,21.0,1.0,2.0,,,7.0,,118.0,22.0,,35.0,,157.0,51.0,,26.0,,130.0,29.0
SAKASSOU,1,2019,19.0,39.0,18.0,5.0,229,78,54.0,24.0,,,,41.0,24.0,298.0,274.0,4.0,35.0,14.0,321.0,259.0,,208.0,,270.0,438.0
SAKASSOU,2,2019,177.0,33.0,3.0,,247,95,61.0,10.0,,,,30.0,1.0,295.0,337.0,4.0,32.0,,252.0,1065.0,,197.0,,230.0,604.0
SAKASSOU,3,2019,182.0,43.0,2.0,,218,96,58.0,8.0,,1.0,2.0,37.0,1.0,277.0,253.0,3.0,30.0,10.0,287.0,1029.0,,174.0,,251.0,359.0
SAKASSOU,4,2019,184.0,44.0,20.0,6.0,294,90,72.0,11.0,,,,62.0,25.0,346.0,178.0,5.0,110.0,146.0,315.0,513.0,,212.0,,172.0,498.0
SAKASSOU,5,2019,3.0,34.0,13.0,20.0,306,72,84.0,13.0,,,,34.0,32.0,306.0,227.0,2.0,62.0,45.0,360.0,288.0,,180.0,,198.0,505.0
SAKASSOU,6,2019,137.0,34.0,21.0,10.0,206,50,53.0,9.0,,1.0,,34.0,31.0,227.0,127.0,2.0,36.0,48.0,215.0,237.0,,169.0,,202.0,338.0
SAN-PEDRO,1,2019,203.0,294.0,68.0,21.0,1017,290,295.0,50.0,10.0,23.0,23.0,394.0,84.0,987.0,1118.0,92.0,655.0,201.0,1874.0,3556.0,,369.0,,1036.0,2708.0
SAN-PEDRO,2,2019,125.0,312.0,35.0,3.0,998,245,284.0,28.0,13.0,10.0,28.0,314.0,29.0,909.0,986.0,62.0,711.0,175.0,1574.0,2778.0,,467.0,,994.0,2132.0
SAN-PEDRO,3,2019,109.0,225.0,33.0,13.0,901,286,426.0,29.0,11.0,23.0,23.0,231.0,26.0,1057.0,933.0,94.0,714.0,380.0,1576.0,2757.0,,620.0,,810.0,2018.0
SAN-PEDRO,4,2019,489.0,270.0,45.0,20.0,976,267,204.0,33.0,16.0,13.0,19.0,311.0,49.0,1098.0,713.0,96.0,721.0,318.0,1979.0,2793.0,,610.0,,1168.0,2379.0
SAN-PEDRO,5,2019,482.0,223.0,51.0,15.0,857,215,358.0,43.0,9.0,22.0,3.0,194.0,97.0,497.0,347.0,36.0,433.0,214.0,1048.0,2134.0,,524.0,,923.0,2032.0
SAN-PEDRO,6,2019,428.0,234.0,35.0,28.0,919,241,385.0,37.0,21.0,21.0,63.0,280.0,49.0,1028.0,918.0,46.0,536.0,220.0,1699.0,2969.0,,70.0,,840.0,2205.0
SANDEGUE,1,2019,,4.0,,,58,26,5.0,4.0,,1.0,,7.0,,76.0,9.0,25.0,30.0,6.0,151.0,37.0,,32.0,,97.0,28.0
SANDEGUE,2,2019,,6.0,,,66,22,7.0,9.0,,3.0,2.0,12.0,,88.0,17.0,25.0,28.0,6.0,133.0,40.0,,23.0,,63.0,23.0
SANDEGUE,3,2019,,9.0,,4.0,82,32,8.0,2.0,,,,9.0,4.0,112.0,14.0,23.0,14.0,6.0,178.0,29.0,,26.0,,94.0,20.0
SANDEGUE,4,2019,38.0,12.0,2.0,,54,28,2.0,3.0,,,,3.0,2.0,80.0,6.0,23.0,32.0,2.0,136.0,11.0,,16.0,,77.0,5.0
SANDEGUE,5,2019,,8.0,,,102,32,2.0,,,2.0,,10.0,,82.0,5.0,23.0,15.0,,208.0,46.0,,20.0,,100.0,41.0
SANDEGUE,6,2019,,7.0,,,45,28,3.0,,,,,9.0,,80.0,5.0,,19.0,,98.0,17.0,,8.0,,79.0,12.0
SASSANDRA,1,2019,24.0,89.0,12.0,,306,175,54.0,11.0,,1.0,1.0,68.0,12.0,346.0,26.0,14.0,144.0,17.0,452.0,196.0,,153.0,,254.0,192.0
SASSANDRA,2,2019,18.0,69.0,4.0,,277,124,18.0,9.0,2.0,2.0,3.0,73.0,7.0,324.0,127.0,3.0,166.0,5.0,414.0,207.0,,169.0,,290.0,240.0
SASSANDRA,3,2019,14.0,74.0,,,268,133,15.0,1.0,,5.0,1.0,66.0,,303.0,36.0,3.0,179.0,5.0,453.0,194.0,,152.0,,263.0,208.0
SASSANDRA,4,2019,10.0,65.0,2.0,1.0,277,118,11.0,12.0,,1.0,,74.0,7.0,336.0,216.0,3.0,142.0,50.0,461.0,298.0,,125.0,,225.0,141.0
SASSANDRA,5,2019,12.0,51.0,2.0,,332,117,15.0,49.0,,2.0,3.0,58.0,22.0,387.0,130.0,13.0,180.0,45.0,520.0,173.0,,166.0,,342.0,131.0
SASSANDRA,6,2019,27.0,93.0,13.0,4.0,384,123,68.0,24.0,,,,70.0,17.0,289.0,32.0,3.0,135.0,44.0,450.0,86.0,,160.0,,242.0,92.0
SEGUELA,1,2019,118.0,81.0,17.0,4.0,248,90,34.0,5.0,3.0,9.0,8.0,74.0,7.0,184.0,9.0,70.0,149.0,30.0,357.0,64.0,,149.0,,405.0,179.0
SEGUELA,2,2019,98.0,80.0,16.0,4.0,285,82,43.0,7.0,,2.0,,54.0,3.0,157.0,74.0,,92.0,5.0,431.0,420.0,,142.0,,912.0,683.0
SEGUELA,3,2019,104.0,71.0,11.0,3.0,250,111,36.0,4.0,1.0,4.0,2.0,52.0,19.0,180.0,116.0,10.0,147.0,5.0,358.0,55.0,,165.0,,377.0,441.0
SEGUELA,4,2019,86.0,57.0,21.0,7.0,216,100,43.0,1.0,1.0,3.0,2.0,56.0,2.0,180.0,123.0,,132.0,5.0,359.0,102.0,,116.0,,307.0,373.0
SEGUELA,5,2019,178.0,103.0,13.0,2.0,243,156,37.0,10.0,3.0,6.0,3.0,54.0,2.0,254.0,272.0,,74.0,,218.0,340.0,,133.0,,791.0,658.0
SEGUELA,6,2019,194.0,46.0,,2.0,216,79,29.0,1.0,1.0,7.0,,36.0,2.0,175.0,73.0,,128.0,,376.0,522.0,,180.0,,859.0,1081.0
SIKENSI,1,2019,,30.0,17.0,1.0,182,46,67.0,6.0,,,,30.0,18.0,211.0,898.0,,55.0,,352.0,1152.0,,37.0,,234.0,440.0
SIKENSI,2,2019,82.0,29.0,11.0,10.0,160,65,15.0,5.0,,,,32.0,11.0,196.0,505.0,,55.0,,339.0,1650.0,,30.0,,345.0,1223.0
SIKENSI,3,2019,82.0,31.0,4.0,2.0,242,46,31.0,9.0,,,,31.0,6.0,285.0,618.0,,68.0,225.0,379.0,1140.0,,64.0,,299.0,888.0
SIKENSI,4,2019,4.0,34.0,16.0,4.0,205,33,34.0,7.0,,,,34.0,20.0,221.0,798.0,,84.0,125.0,335.0,1351.0,,68.0,,254.0,956.0
SIKENSI,5,2019,89.0,25.0,27.0,13.0,212,53,29.0,4.0,,,,25.0,40.0,234.0,546.0,,33.0,117.0,418.0,1335.0,,38.0,,281.0,1085.0
SIKENSI,6,2019,83.0,18.0,54.0,18.0,161,33,32.0,11.0,,3.0,3.0,18.0,72.0,191.0,555.0,,32.0,159.0,286.0,514.0,,38.0,,254.0,484.0
SINEMATIALI,1,2019,1.0,21.0,2.0,1.0,251,65,,,,,,22.0,3.0,305.0,4.0,,43.0,,455.0,,,51.0,,217.0,6.0
SINEMATIALI,2,2019,,39.0,,,210,48,2.0,,,,,39.0,,258.0,13.0,,53.0,,319.0,15.0,,48.0,,195.0,8.0
SINEMATIALI,3,2019,1.0,30.0,2.0,,246,62,,2.0,,,,31.0,2.0,309.0,,,82.0,10.0,356.0,,,78.0,,204.0,3.0
SINEMATIALI,4,2019,3.0,35.0,1.0,1.0,232,61,2.0,,,8.0,,46.0,2.0,293.0,10.0,,61.0,8.0,499.0,12.0,,31.0,,213.0,2.0
SINEMATIALI,5,2019,,59.0,5.0,,236,77,1.0,,,,,57.0,5.0,313.0,7.0,,142.0,10.0,419.0,22.0,,92.0,,210.0,17.0
SINEMATIALI,6,2019,,35.0,2.0,,269,44,1.0,,,,,35.0,2.0,313.0,5.0,,74.0,,409.0,,,89.0,,230.0,12.0
SINFRA,1,2019,15.0,85.0,32.0,8.0,416,104,36.0,9.0,,1.0,1.0,93.0,38.0,456.0,89.0,5.0,82.0,103.0,475.0,143.0,,43.0,,138.0,172.0
SINFRA,2,2019,26.0,93.0,71.0,3.0,383,105,49.0,10.0,,1.0,1.0,90.0,14.0,370.0,154.0,5.0,98.0,24.0,376.0,152.0,,140.0,,478.0,1192.0
SINFRA,3,2019,21.0,108.0,15.0,4.0,432,83,118.0,9.0,6.0,7.0,,72.0,11.0,347.0,120.0,5.0,54.0,126.0,267.0,180.0,,114.0,,468.0,1211.0
SINFRA,4,2019,15.0,87.0,24.0,12.0,377,71,32.0,9.0,,2.0,2.0,85.0,34.0,438.0,139.0,5.0,226.0,134.0,625.0,271.0,,252.0,,552.0,1335.0
SINFRA,5,2019,79.0,85.0,50.0,13.0,279,54,56.0,4.0,1.0,4.0,2.0,98.0,64.0,409.0,239.0,5.0,76.0,108.0,356.0,133.0,,200.0,,501.0,1173.0
SINFRA,6,2019,20.0,82.0,52.0,13.0,386,61,44.0,5.0,1.0,4.0,,105.0,48.0,479.0,155.0,,140.0,118.0,532.0,278.0,,186.0,,508.0,1263.0
SOUBRE,1,2019,331.0,220.0,16.0,3.0,504,200,102.0,9.0,,6.0,4.0,226.0,20.0,578.0,248.0,17.0,270.0,65.0,726.0,321.0,,202.0,,335.0,253.0
SOUBRE,2,2019,312.0,212.0,5.0,6.0,458,193,96.0,27.0,10.0,28.0,4.0,213.0,11.0,549.0,315.0,26.0,391.0,46.0,724.0,485.0,,279.0,,346.0,226.0
SOUBRE,3,2019,322.0,254.0,11.0,14.0,484,171,108.0,15.0,77.0,3.0,3.0,247.0,17.0,507.0,296.0,26.0,323.0,50.0,691.0,389.0,,215.0,,364.0,175.0
SOUBRE,4,2019,255.0,169.0,24.0,4.0,446,164,80.0,14.0,75.0,12.0,24.0,164.0,27.0,499.0,268.0,34.0,308.0,79.0,677.0,371.0,,278.0,,394.0,179.0
SOUBRE,5,2019,193.0,156.0,27.0,5.0,443,258,71.0,12.0,74.0,5.0,5.0,166.0,32.0,510.0,262.0,34.0,252.0,98.0,511.0,517.0,,296.0,,303.0,326.0
SOUBRE,6,2019,198.0,131.0,18.0,10.0,491,171,75.0,18.0,76.0,12.0,11.0,137.0,29.0,502.0,254.0,53.0,282.0,101.0,576.0,350.0,,94.0,,290.0,248.0
TABOU,1,2019,8.0,72.0,33.0,16.0,336,129,18.0,11.0,,3.0,3.0,78.0,17.0,337.0,78.0,16.0,79.0,30.0,454.0,123.0,,107.0,,414.0,1151.0
TABOU,2,2019,2.0,66.0,1.0,1.0,257,91,14.0,23.0,,3.0,4.0,60.0,,264.0,69.0,9.0,45.0,,236.0,79.0,,124.0,,414.0,480.0
TABOU,3,2019,1.0,116.0,1.0,2.0,340,124,19.0,6.0,,,,68.0,4.0,316.0,61.0,5.0,39.0,125.0,275.0,43.0,,102.0,,347.0,543.0
TABOU,4,2019,2.0,86.0,7.0,10.0,283,133,15.0,5.0,1.0,,1.0,58.0,23.0,272.0,73.0,14.0,96.0,102.0,396.0,124.0,,132.0,,371.0,485.0
TABOU,5,2019,1.0,80.0,15.0,4.0,277,101,29.0,8.0,,,,60.0,22.0,279.0,99.0,9.0,42.0,20.0,145.0,115.0,,138.0,,351.0,492.0
TABOU,6,2019,12.0,88.0,45.0,26.0,333,104,17.0,5.0,,2.0,9.0,81.0,38.0,328.0,85.0,9.0,96.0,5.0,285.0,121.0,,75.0,,293.0,481.0
TAI,1,2019,99.0,23.0,25.0,,207,56,53.0,3.0,,,,115.0,25.0,229.0,54.0,,134.0,10.0,352.0,41.0,,118.0,,239.0,37.0
TAI,2,2019,90.0,15.0,25.0,,199,42,51.0,6.0,,,,26.0,,124.0,25.0,,216.0,,491.0,62.0,,201.0,,363.0,37.0
TAI,3,2019,43.0,20.0,23.0,5.0,216,45,44.0,,,,,17.0,7.0,112.0,12.0,,200.0,100.0,314.0,37.0,,183.0,,199.0,25.0
TAI,4,2019,182.0,19.0,30.0,2.0,238,41,44.0,1.0,,,,111.0,7.0,136.0,12.0,,173.0,93.0,419.0,25.0,,171.0,,314.0,13.0
TAI,5,2019,106.0,15.0,38.0,,303,80,41.0,,,,,28.0,13.0,147.0,8.0,,165.0,86.0,267.0,17.0,,145.0,,143.0,9.0
TAI,6,2019,98.0,18.0,34.0,1.0,257,35,43.0,4.0,,,,18.0,10.0,131.0,15.0,,154.0,73.0,336.0,28.0,,121.0,,195.0,103.0
TANDA,1,2019,11.0,11.0,22.0,3.0,160,22,42.0,6.0,,,,17.0,1.0,195.0,109.0,,37.0,,195.0,246.0,,24.0,,206.0,114.0
TANDA,2,2019,12.0,18.0,18.0,2.0,122,31,35.0,6.0,,,,30.0,,144.0,80.0,3.0,31.0,,115.0,110.0,,20.0,,83.0,124.0
TANDA,3,2019,15.0,13.0,5.0,,121,39,26.0,3.0,,,,18.0,,130.0,57.0,,20.0,5.0,136.0,55.0,,24.0,,116.0,135.0
TANDA,4,2019,15.0,21.0,10.0,8.0,98,30,22.0,1.0,,,,24.0,16.0,97.0,47.0,,33.0,140.0,170.0,85.0,,30.0,,162.0,155.0
TANDA,5,2019,15.0,34.0,39.0,14.0,108,31,25.0,4.0,,,2.0,42.0,49.0,130.0,81.0,,65.0,50.0,100.0,84.0,,52.0,,129.0,177.0
TANDA,6,2019,16.0,19.0,36.0,10.0,110,23,19.0,8.0,,,,18.0,44.0,96.0,72.0,,16.0,27.0,123.0,170.0,,43.0,,144.0,226.0
TEHINI,1,2019,4.0,13.0,,,58,32,2.0,,,,,16.0,,87.0,2.0,,44.0,,134.0,18.0,,28.0,,51.0,16.0
TEHINI,2,2019,,7.0,,,58,16,,,,,,7.0,,74.0,,,31.0,,185.0,5.0,,27.0,,112.0,5.0
TEHINI,3,2019,1.0,17.0,1.0,,52,18,,,,,,18.0,,70.0,,,32.0,,150.0,2.0,,14.0,,60.0,3.0
TEHINI,4,2019,6.0,14.0,,,57,40,,,,,,13.0,,95.0,,,19.0,,77.0,,,6.0,,47.0,
TEHINI,5,2019,2.0,14.0,,,54,24,,,,,,15.0,,78.0,6.0,,26.0,,124.0,15.0,,17.0,,48.0,5.0
TEHINI,6,2019,,7.0,,,49,18,,,,,,7.0,,64.0,5.0,,21.0,,94.0,7.0,,17.0,,54.0,2.0
TENGRELA,1,2019,375.0,21.0,2.0,,705,218,3.0,3.0,1.0,,,9.0,1.0,103.0,,5.0,30.0,1.0,173.0,,,21.0,,70.0,
TENGRELA,2,2019,458.0,403.0,1.0,,737,222,2.0,2.0,1.0,,,4.0,,98.0,,,35.0,15.0,205.0,,,32.0,,107.0,
TENGRELA,3,2019,443.0,25.0,12.0,1.0,296,102,1.0,2.0,1.0,,,19.0,,153.0,,,49.0,,382.0,,,30.0,,229.0,
TENGRELA,4,2019,430.0,117.0,,2.0,838,305,3.0,6.0,4.0,4.0,,10.0,,104.0,,,36.0,,226.0,,,26.0,,112.0,
TENGRELA,5,2019,793.0,15.0,1.0,1.0,396,213,6.0,5.0,15.0,1.0,,4.0,2.0,113.0,,,25.0,5.0,193.0,4.0,,21.0,,80.0,4.0
TENGRELA,6,2019,419.0,144.0,,,579,283,6.0,33.0,,,,21.0,,168.0,3.0,,54.0,,285.0,19.0,,9.0,,117.0,16.0
TIAPOUM,1,2019,,1.0,13.0,1.0,84,16,4.0,,,,,,14.0,83.0,3.0,,,41.0,119.0,30.0,,,,52.0,63.0
TIAPOUM,2,2019,,,,,107,15,11.0,1.0,,,,,,41.0,13.0,,,41.0,135.0,96.0,,,,108.0,117.0
TIAPOUM,3,2019,,2.0,,,136,21,17.0,,,,,2.0,,66.0,11.0,,4.0,,120.0,89.0,,,,66.0,114.0
TIAPOUM,4,2019,1.0,4.0,,,114,25,11.0,1.0,,,,1.0,,79.0,5.0,,2.0,,116.0,122.0,,1.0,,37.0,117.0
TIAPOUM,5,2019,,18.0,,2.0,119,56,5.0,2.0,,,,,2.0,32.0,46.0,,,20.0,55.0,120.0,,,,26.0,68.0
TIAPOUM,6,2019,1.0,,,2.0,125,36,9.0,14.0,,,,,,71.0,10.0,,,8.0,140.0,113.0,,,,73.0,96.0
TIASSALE,1,2019,156.0,37.0,33.0,18.0,340,155,72.0,18.0,4.0,8.0,,54.0,31.0,414.0,243.0,6.0,129.0,57.0,412.0,295.0,,95.0,,127.0,250.0
TIASSALE,2,2019,35.0,39.0,102.0,2.0,505,140,155.0,17.0,4.0,6.0,1.0,102.0,11.0,382.0,501.0,14.0,103.0,21.0,459.0,613.0,,100.0,,168.0,557.0
TIASSALE,3,2019,8.0,43.0,18.0,17.0,276,86,45.0,8.0,,1.0,1.0,36.0,5.0,297.0,178.0,13.0,68.0,95.0,303.0,166.0,,72.0,,148.0,203.0
TIASSALE,4,2019,9.0,31.0,142.0,7.0,486,135,182.0,9.0,,,,37.0,28.0,415.0,193.0,5.0,38.0,10.0,427.0,624.0,,77.0,,189.0,638.0
TIASSALE,5,2019,21.0,55.0,170.0,22.0,484,116,166.0,10.0,,,,46.0,54.0,464.0,646.0,,40.0,58.0,417.0,551.0,,93.0,,235.0,922.0
TIASSALE,6,2019,16.0,35.0,105.0,16.0,484,102,146.0,10.0,2.0,4.0,,30.0,24.0,394.0,228.0,,59.0,56.0,442.0,629.0,,20.0,,257.0,651.0
TIEBISSOU,1,2019,1.0,18.0,10.0,6.0,294,116,44.0,20.0,1.0,,1.0,21.0,16.0,415.0,121.0,24.0,74.0,57.0,580.0,316.0,,70.0,,242.0,163.0
TIEBISSOU,2,2019,1.0,24.0,12.0,3.0,258,108,51.0,28.0,3.0,1.0,1.0,29.0,15.0,348.0,190.0,25.0,89.0,31.0,575.0,371.0,,84.0,,252.0,211.0
TIEBISSOU,3,2019,65.0,32.0,32.0,9.0,297,127,53.0,16.0,2.0,1.0,1.0,32.0,44.0,426.0,105.0,23.0,96.0,75.0,499.0,257.0,,71.0,,178.0,187.0
TIEBISSOU,4,2019,2.0,34.0,27.0,11.0,281,117,54.0,23.0,2.0,,,34.0,20.0,382.0,129.0,6.0,98.0,64.0,523.0,232.0,,66.0,,198.0,121.0
TIEBISSOU,5,2019,,86.0,19.0,5.0,276,128,56.0,24.0,2.0,,,83.0,23.0,333.0,91.0,19.0,188.0,81.0,591.0,539.0,,100.0,,227.0,476.0
TIEBISSOU,6,2019,,25.0,6.0,2.0,220,90,31.0,20.0,2.0,,,26.0,8.0,319.0,85.0,17.0,121.0,44.0,477.0,501.0,,75.0,,192.0,419.0
TOUBA,1,2019,691.0,44.0,,,1952,78,559.0,3.0,9.0,2.0,,18.0,,94.0,5.0,,30.0,10.0,114.0,34.0,,140.0,,274.0,6161.0
TOUBA,2,2019,715.0,55.0,,,1929,77,560.0,6.0,11.0,,,22.0,,81.0,90.0,,48.0,,132.0,1703.0,,145.0,,292.0,8543.0
TOUBA,3,2019,745.0,68.0,,,1974,88,564.0,6.0,11.0,,,28.0,,74.0,85.0,,44.0,,120.0,7.0,,153.0,,281.0,8459.0
TOUBA,4,2019,778.0,54.0,,,1985,98,566.0,6.0,11.0,,,26.0,,107.0,340.0,,41.0,,256.0,910.0,,141.0,,363.0,3604.0
TOUBA,5,2019,432.0,49.0,,,1980,108,573.0,8.0,,11.0,,18.0,,123.0,16.0,,64.0,,271.0,76.0,,161.0,,396.0,1584.0
TOUBA,6,2019,475.0,34.0,,,2005,50,567.0,5.0,11.0,,,16.0,,84.0,14.0,,74.0,,294.0,54.0,,159.0,,489.0,1574.0
TOULEUPLEU,1,2019,,19.0,3.0,2.0,56,38,5.0,5.0,,,,28.0,,78.0,13.0,,35.0,,106.0,22.0,,15.0,,100.0,16.0
TOULEUPLEU,2,2019,,8.0,1.0,,53,17,2.0,5.0,,14.0,,22.0,,71.0,71.0,,34.0,,128.0,199.0,,24.0,,122.0,141.0
TOULEUPLEU,3,2019,,17.0,8.0,,48,92,1.0,9.0,,,,17.0,8.0,77.0,4.0,,47.0,20.0,107.0,142.0,,31.0,,76.0,134.0
TOULEUPLEU,4,2019,2.0,29.0,6.0,2.0,48,33,14.0,4.0,,,,30.0,22.0,80.0,153.0,,39.0,42.0,129.0,26.0,,34.0,,99.0,20.0
TOULEUPLEU,5,2019,12.0,15.0,,1.0,82,21,4.0,1.0,2.0,,,21.0,1.0,80.0,11.0,,49.0,13.0,106.0,26.0,,32.0,,49.0,18.0
TOULEUPLEU,6,2019,2.0,11.0,,,68,21,10.0,5.0,,4.0,,16.0,,70.0,23.0,,38.0,12.0,74.0,106.0,,36.0,,52.0,12.0
TOUMODI,1,2019,2.0,51.0,30.0,4.0,539,177,214.0,48.0,,,,54.0,34.0,707.0,666.0,19.0,142.0,246.0,985.0,928.0,,145.0,,748.0,559.0
TOUMODI,2,2019,1.0,67.0,4.0,,545,139,204.0,21.0,1.0,2.0,2.0,68.0,4.0,696.0,607.0,16.0,143.0,214.0,909.0,743.0,,139.0,,659.0,472.0
TOUMODI,3,2019,3.0,46.0,4.0,1.0,554,174,210.0,26.0,,8.0,8.0,47.0,2.0,680.0,549.0,29.0,77.0,100.0,1418.0,848.0,,139.0,,1261.0,635.0
TOUMODI,4,2019,43.0,154.0,16.0,5.0,547,137,241.0,32.0,,10.0,6.0,47.0,17.0,681.0,580.0,31.0,86.0,285.0,968.0,451.0,,127.0,,1557.0,486.0
TOUMODI,5,2019,2.0,35.0,58.0,24.0,558,120,194.0,31.0,1.0,11.0,11.0,37.0,86.0,606.0,612.0,28.0,70.0,264.0,1068.0,741.0,,119.0,,2046.0,520.0
TOUMODI,6,2019,3.0,119.0,79.0,27.0,473,184,159.0,31.0,,18.0,10.0,71.0,106.0,692.0,504.0,27.0,124.0,338.0,961.0,596.0,,83.0,,1750.0,519.0
TRANSUA,1,2019,,3.0,84.0,11.0,318,60,94.0,11.0,,,,3.0,4.0,197.0,30.0,,,4.0,152.0,60.0,,7.0,,122.0,97.0
TRANSUA,2,2019,,1.0,88.0,22.0,268,47,83.0,12.0,,,,1.0,8.0,154.0,27.0,,3.0,30.0,149.0,58.0,,2.0,,94.0,49.0
TRANSUA,3,2019,,5.0,75.0,22.0,299,65,100.0,15.0,,,,5.0,20.0,181.0,49.0,,,120.0,232.0,125.0,,6.0,,194.0,84.0
TRANSUA,4,2019,,3.0,104.0,6.0,335,77,107.0,22.0,,,19.0,11.0,19.0,161.0,48.0,20.0,7.0,185.0,185.0,71.0,,4.0,,139.0,40.0
TRANSUA,5,2019,8.0,9.0,110.0,6.0,351,57,102.0,6.0,5.0,1.0,,9.0,46.0,204.0,34.0,,5.0,63.0,201.0,87.0,,2.0,,106.0,66.0
TRANSUA,6,2019,7.0,24.0,98.0,14.0,373,81,110.0,29.0,,,,,40.0,119.0,36.0,,2.0,46.0,192.0,67.0,,4.0,,125.0,57.0
TREICHVILLE-MARCORY,1,2019,88.0,47.0,6.0,,917,118,434.0,25.0,51.0,8.0,52.0,92.0,6.0,628.0,1040.0,123.0,785.0,90.0,1402.0,4899.0,,836.0,,2690.0,5918.0
TREICHVILLE-MARCORY,2,2019,55.0,42.0,18.0,3.0,843,98,489.0,25.0,27.0,9.0,38.0,108.0,10.0,890.0,1487.0,133.0,203.0,,947.0,2803.0,,533.0,,1623.0,2914.0
TREICHVILLE-MARCORY,3,2019,46.0,41.0,34.0,10.0,825,121,358.0,21.0,45.0,5.0,50.0,62.0,128.0,837.0,1072.0,62.0,147.0,25.0,1795.0,1837.0,,467.0,,1569.0,1731.0
TREICHVILLE-MARCORY,4,2019,56.0,132.0,71.0,9.0,838,128,506.0,16.0,43.0,9.0,44.0,184.0,93.0,887.0,1219.0,81.0,272.0,1300.0,1599.0,2956.0,,424.0,,1870.0,2457.0
TREICHVILLE-MARCORY,5,2019,28.0,37.0,96.0,5.0,666,91,682.0,16.0,40.0,12.0,48.0,71.0,123.0,685.0,1305.0,27.0,106.0,694.0,1102.0,2109.0,,356.0,,1484.0,1411.0
TREICHVILLE-MARCORY,6,2019,40.0,37.0,143.0,14.0,750,85,263.0,15.0,44.0,11.0,54.0,78.0,129.0,694.0,561.0,364.0,369.0,1084.0,2163.0,1304.0,,3.0,,1511.0,787.0
VAVOUA,1,2019,4.0,188.0,9.0,55.0,421,273,12.0,26.0,1.0,3.0,,115.0,60.0,502.0,53.0,5.0,118.0,21.0,346.0,89.0,,99.0,,347.0,109.0
VAVOUA,2,2019,1.0,216.0,3.0,1.0,389,287,26.0,32.0,,10.0,10.0,203.0,4.0,614.0,90.0,25.0,159.0,7.0,524.0,112.0,,169.0,,452.0,86.0
VAVOUA,3,2019,1.0,171.0,5.0,2.0,326,165,13.0,23.0,,2.0,2.0,132.0,7.0,415.0,110.0,5.0,190.0,5.0,274.0,129.0,,138.0,,212.0,374.0
VAVOUA,4,2019,1.0,149.0,,6.0,421,236,9.0,21.0,,,,131.0,5.0,565.0,37.0,,175.0,15.0,310.0,62.0,,218.0,,247.0,374.0
VAVOUA,5,2019,7.0,128.0,3.0,2.0,442,202,4.0,10.0,,1.0,1.0,118.0,1.0,529.0,22.0,,153.0,20.0,395.0,36.0,,161.0,,157.0,352.0
VAVOUA,6,2019,324.0,127.0,5.0,4.0,387,193,31.0,26.0,2.0,,,112.0,9.0,454.0,91.0,10.0,191.0,46.0,515.0,96.0,,156.0,,223.0,53.0
YAKASSE-ATTOBROU,1,2019,5.0,33.0,1.0,1.0,110,30,9.0,4.0,,,,18.0,2.0,85.0,14.0,,18.0,2.0,98.0,18.0,,1.0,,13.0,6.0
YAKASSE-ATTOBROU,2,2019,8.0,21.0,3.0,,118,26,7.0,4.0,,,,8.0,,112.0,7.0,,7.0,,49.0,3.0,,,,1.0,
YAKASSE-ATTOBROU,3,2019,6.0,21.0,2.0,,114,41,2.0,10.0,,,,13.0,,65.0,9.0,,13.0,,65.0,9.0,,,,,
YAKASSE-ATTOBROU,4,2019,6.0,11.0,1.0,,128,35,4.0,6.0,,,,9.0,1.0,92.0,11.0,,15.0,1.0,113.0,11.0,,6.0,,21.0,
YAKASSE-ATTOBROU,5,2019,3.0,21.0,,,134,30,9.0,2.0,,1.0,1.0,11.0,,103.0,12.0,1.0,14.0,,131.0,12.0,,3.0,,47.0,
YAKASSE-ATTOBROU,6,2019,5.0,15.0,,,130,22,2.0,1.0,,,,,,6.0,,,3.0,,7.0,,,,,1.0,
YAMOUSSOUKRO,1,2019,483.0,97.0,47.0,4.0,1021,189,346.0,34.0,2.0,8.0,17.0,130.0,17.0,1063.0,1018.0,49.0,297.0,38.0,1591.0,1246.0,,514.0,,797.0,1717.0
YAMOUSSOUKRO,2,2019,483.0,279.0,41.0,13.0,948,189,300.0,163.0,5.0,18.0,27.0,208.0,10.0,1008.0,1025.0,52.0,221.0,22.0,1285.0,1654.0,,548.0,,949.0,2326.0
YAMOUSSOUKRO,3,2019,602.0,513.0,42.0,,1021,312,380.0,83.0,5.0,4.0,18.0,713.0,1.0,1255.0,1089.0,131.0,841.0,21.0,1657.0,1231.0,,683.0,,1101.0,3351.0
YAMOUSSOUKRO,4,2019,644.0,378.0,81.0,3.0,1031,312,351.0,52.0,3.0,20.0,42.0,499.0,40.0,1262.0,1052.0,100.0,689.0,77.0,1741.0,1731.0,,604.0,,1017.0,2609.0
YAMOUSSOUKRO,5,2019,370.0,144.0,70.0,10.0,1011,168,400.0,59.0,13.0,4.0,32.0,148.0,42.0,1042.0,1011.0,75.0,431.0,233.0,1681.0,2362.0,,555.0,,1036.0,3011.0
YAMOUSSOUKRO,6,2019,711.0,71.0,110.0,11.0,1016,152,386.0,31.0,19.0,1.0,23.0,153.0,55.0,1012.0,997.0,88.0,380.0,325.0,1535.0,4309.0,,308.0,,947.0,2469.0
YOPOUGON-EST,1,2019,18.0,230.0,66.0,43.0,572,155,136.0,50.0,,4.0,4.0,308.0,80.0,516.0,286.0,22.0,374.0,228.0,789.0,907.0,,127.0,,630.0,848.0
YOPOUGON-EST,2,2019,14.0,86.0,55.0,,593,170,119.0,33.0,,4.0,126.0,181.0,24.0,582.0,254.0,14.0,159.0,177.0,369.0,338.0,,97.0,,456.0,751.0
YOPOUGON-EST,3,2019,11.0,234.0,71.0,24.0,698,175,213.0,55.0,,7.0,5.0,243.0,74.0,563.0,312.0,17.0,230.0,388.0,335.0,249.0,,161.0,,294.0,539.0
YOPOUGON-EST,4,2019,32.0,258.0,82.0,29.0,733,206,130.0,28.0,,10.0,8.0,285.0,64.0,649.0,194.0,19.0,274.0,313.0,506.0,524.0,,193.0,,318.0,550.0
YOPOUGON-EST,5,2019,26.0,155.0,106.0,55.0,623,272,195.0,23.0,2.0,6.0,8.0,179.0,125.0,691.0,302.0,13.0,141.0,209.0,276.0,175.0,,79.0,,533.0,476.0
YOPOUGON-EST,6,2019,15.0,148.0,102.0,34.0,709,192,227.0,46.0,,2.0,2.0,147.0,153.0,603.0,195.0,16.0,242.0,129.0,318.0,474.0,,82.0,,359.0,418.0
YOPOUGON-OUEST SONGON,1,2019,36.0,285.0,64.0,66.0,1937,368,508.0,73.0,16.0,23.0,27.0,278.0,115.0,1454.0,1090.0,92.0,1054.0,103.0,2120.0,3255.0,,890.0,,903.0,4703.0
YOPOUGON-OUEST SONGON,2,2019,17.0,106.0,24.0,10.0,642,178,121.0,26.0,,1.0,410.0,70.0,23.0,234.0,894.0,4.0,55.0,10.0,248.0,115.0,,99.0,,220.0,1042.0
YOPOUGON-OUEST SONGON,3,2019,4.0,214.0,16.0,3.0,733,282,94.0,32.0,,,7.0,155.0,13.0,346.0,461.0,8.0,284.0,300.0,453.0,3604.0,,171.0,,349.0,4240.0
YOPOUGON-OUEST SONGON,4,2019,227.0,194.0,67.0,12.0,740,218,111.0,19.0,1.0,,1.0,157.0,30.0,363.0,465.0,1.0,208.0,345.0,534.0,186.0,,240.0,,509.0,3343.0
YOPOUGON-OUEST SONGON,5,2019,15.0,142.0,46.0,15.0,722,92,102.0,19.0,1.0,1.0,1.0,109.0,51.0,298.0,533.0,1.0,196.0,100.0,363.0,160.0,,385.0,,529.0,2898.0
YOPOUGON-OUEST SONGON,6,2019,77.0,308.0,62.0,29.0,607,174,70.0,27.0,,,,150.0,88.0,204.0,519.0,3.0,150.0,60.0,532.0,160.0,,128.0,,501.0,2475.0
ZOUAN-HOUNIEN,1,2019,217.0,48.0,9.0,3.0,409,119,17.0,7.0,13.0,1.0,5.0,36.0,4.0,244.0,11.0,2.0,86.0,,262.0,12.0,,92.0,,159.0,21.0
ZOUAN-HOUNIEN,2,2019,228.0,39.0,63.0,,693,130,39.0,6.0,14.0,1.0,1.0,33.0,2.0,217.0,13.0,5.0,88.0,50.0,494.0,20.0,,109.0,,488.0,32.0
ZOUAN-HOUNIEN,3,2019,245.0,43.0,15.0,3.0,457,145,24.0,14.0,15.0,2.0,23.0,30.0,6.0,209.0,11.0,,60.0,10.0,275.0,10.0,,100.0,,405.0,22.0
ZOUAN-HOUNIEN,4,2019,233.0,29.0,20.0,12.0,462,130,26.0,7.0,17.0,2.0,2.0,28.0,18.0,263.0,18.0,,33.0,40.0,251.0,40.0,,85.0,,374.0,40.0
ZOUAN-HOUNIEN,5,2019,314.0,36.0,27.0,11.0,542,123,27.0,8.0,20.0,,,23.0,18.0,176.0,17.0,,27.0,20.0,189.0,20.0,,64.0,,252.0,38.0
ZOUAN-HOUNIEN,6,2019,257.0,32.0,76.0,26.0,927,127,33.0,6.0,19.0,1.0,2.0,30.0,12.0,200.0,10.0,,34.0,13.0,211.0,30.0,,61.0,,240.0,44.0
ZOUKOUGBEU,1,2019,11.0,43.0,,1.0,149,59,4.0,2.0,,,,54.0,,211.0,28.0,,52.0,27.0,234.0,53.0,,77.0,,148.0,71.0
ZOUKOUGBEU,2,2019,75.0,121.0,1.0,1.0,110,51,2.0,4.0,,,,65.0,2.0,143.0,24.0,,80.0,24.0,241.0,42.0,,72.0,,239.0,89.0
ZOUKOUGBEU,3,2019,3.0,264.0,,,132,107,4.0,6.0,,,,60.0,,112.0,93.0,,94.0,,130.0,7.0,,101.0,,180.0,69.0
ZOUKOUGBEU,4,2019,76.0,89.0,1.0,,90,39,8.0,1.0,,,,90.0,,134.0,54.0,10.0,107.0,10.0,237.0,69.0,,167.0,,197.0,75.0
ZOUKOUGBEU,5,2019,7.0,203.0,,,84,83,6.0,6.0,,4.0,,29.0,1.0,108.0,38.0,1.0,34.0,10.0,148.0,64.0,,116.0,,175.0,73.0
ZOUKOUGBEU,6,2019,4.0,105.0,,,126,51,3.0,11.0,,,,102.0,,179.0,47.0,,15.0,44.0,173.0,42.0,,35.0,,154.0,54.0
ZUENOULA,1,2019,43.0,107.0,6.0,6.0,366,150,44.0,9.0,,5.0,10.0,116.0,17.0,433.0,83.0,18.0,144.0,29.0,466.0,961.0,,114.0,,174.0,121.0
ZUENOULA,2,2019,43.0,87.0,11.0,2.0,383,152,42.0,42.0,,4.0,,89.0,,383.0,110.0,3.0,176.0,4.0,449.0,509.0,,154.0,,133.0,485.0
ZUENOULA,3,2019,125.0,224.0,5.0,4.0,426,255,58.0,144.0,,,,180.0,4.0,332.0,67.0,3.0,223.0,2.0,553.0,523.0,,159.0,,340.0,197.0
ZUENOULA,4,2019,62.0,106.0,9.0,,341,127,145.0,11.0,2.0,2.0,2.0,119.0,3.0,343.0,57.0,3.0,261.0,17.0,340.0,520.0,,206.0,,257.0,571.0
ZUENOULA,5,2019,25.0,111.0,14.0,2.0,364,116,92.0,18.0,,1.0,,125.0,12.0,399.0,333.0,1.0,154.0,18.0,468.0,741.0,,201.0,,324.0,505.0
ZUENOULA,6,2019,9.0,95.0,20.0,7.0,228,108,47.0,10.0,,,,99.0,28.0,307.0,385.0,,128.0,32.0,332.0,496.0,,65.0,,276.0,183.0
