ID,prediction
2019 X 7 X C4001 X AS21126,0
2019 X 7 X C4001 X AS27134,0
2019 X 7 X C4001 X AS27132,0
2019 X 7 X C4001 X AS27000,0
2019 X 7 X C4001 X AS27137,0
2019 X 7 X C4001 X AS27138,0
2019 X 7 X C4001 X AS27133,0
2019 X 7 X C4023 X AS27000,0
2019 X 7 X C4023 X AS27133,0
2019 X 8 X C4023 X AS27000,0
2019 X 8 X C4023 X AS27133,0
2019 X 8 X C4001 X AS21126,0
2019 X 8 X C4001 X AS27134,0
2019 X 8 X C4001 X AS27132,0
2019 X 8 X C4001 X AS27000,0
2019 X 8 X C4001 X AS27137,0
2019 X 8 X C4001 X AS27138,0
2019 X 8 X C4001 X AS27133,0
2019 X 9 X C4001 X AS27134,0
2019 X 9 X C4001 X AS27132,0
2019 X 9 X C4001 X AS27000,0
2019 X 9 X C4001 X AS27137,0
2019 X 9 X C4001 X AS27138,0
2019 X 9 X C4001 X AS27133,0
2019 X 9 X C4023 X AS27000,0
2019 X 9 X C4023 X AS27133,0
2019 X 7 X C1066 X AS27134,0
2019 X 7 X C1066 X AS27132,0
2019 X 7 X C1066 X AS27000,0
2019 X 7 X C1066 X AS27137,0
2019 X 7 X C1066 X AS27138,0
2019 X 7 X C1066 X AS27133,0
2019 X 7 X C1026 X AS27134,0
2019 X 7 X C1026 X AS27132,0
2019 X 7 X C1026 X AS27000,0
2019 X 7 X C1026 X AS27137,0
2019 X 7 X C1026 X AS27138,0
2019 X 7 X C1026 X AS27133,0
2019 X 7 X C1063 X AS42018,0
2019 X 7 X C1063 X AS21126,0
2019 X 7 X C1063 X AS46000,0
2019 X 7 X C1063 X AS17005,0
2019 X 7 X C1063 X AS27134,0
2019 X 7 X C1063 X AS27132,0
2019 X 7 X C1063 X AS27000,0
2019 X 7 X C1063 X AS27139,0
2019 X 7 X C1063 X AS27137,0
2019 X 7 X C1063 X AS27138,0
2019 X 7 X C1063 X AS27133,0
2019 X 7 X C1011 X AS21126,0
2019 X 7 X C1011 X AS46000,0
2019 X 7 X C1011 X AS27134,0
2019 X 7 X C1011 X AS27132,0
2019 X 7 X C1011 X AS27000,0
2019 X 7 X C1011 X AS27139,0
2019 X 7 X C1011 X AS27137,0
2019 X 7 X C1011 X AS27138,0
2019 X 7 X C1011 X AS27133,0
2019 X 7 X C1010 X AS27134,0
2019 X 7 X C1010 X AS27132,0
2019 X 7 X C1010 X AS27000,0
2019 X 7 X C1010 X AS27137,0
2019 X 7 X C1010 X AS27138,0
2019 X 7 X C1010 X AS27133,0
2019 X 8 X C1026 X AS27134,0
2019 X 8 X C1026 X AS27132,0
2019 X 8 X C1026 X AS27000,0
2019 X 8 X C1026 X AS27137,0
2019 X 8 X C1026 X AS27138,0
2019 X 8 X C1026 X AS27133,0
2019 X 8 X C1066 X AS27134,0
2019 X 8 X C1066 X AS27132,0
2019 X 8 X C1066 X AS27000,0
2019 X 8 X C1066 X AS27137,0
2019 X 8 X C1066 X AS27138,0
2019 X 8 X C1066 X AS27133,0
2019 X 8 X C1010 X AS27134,0
2019 X 8 X C1010 X AS27132,0
2019 X 8 X C1010 X AS27000,0
2019 X 8 X C1010 X AS27137,0
2019 X 8 X C1010 X AS27138,0
2019 X 8 X C1010 X AS27133,0
2019 X 8 X C1063 X AS42018,0
2019 X 8 X C1063 X AS21126,0
2019 X 8 X C1063 X AS46000,0
2019 X 8 X C1063 X AS17005,0
2019 X 8 X C1063 X AS27134,0
2019 X 8 X C1063 X AS27132,0
2019 X 8 X C1063 X AS27000,0
2019 X 8 X C1063 X AS27139,0
2019 X 8 X C1063 X AS27137,0
2019 X 8 X C1063 X AS27138,0
2019 X 8 X C1063 X AS27133,0
2019 X 8 X C1011 X AS21126,0
2019 X 8 X C1011 X AS46000,0
2019 X 8 X C1011 X AS27134,0
2019 X 8 X C1011 X AS27132,0
2019 X 8 X C1011 X AS27000,0
2019 X 8 X C1011 X AS27139,0
2019 X 8 X C1011 X AS27137,0
2019 X 8 X C1011 X AS27138,0
2019 X 8 X C1011 X AS27133,0
2019 X 9 X C1011 X AS21126,0
2019 X 9 X C1011 X AS46000,0
2019 X 9 X C1011 X AS27134,0
2019 X 9 X C1011 X AS27132,0
2019 X 9 X C1011 X AS27000,0
2019 X 9 X C1011 X AS27139,0
2019 X 9 X C1011 X AS27137,0
2019 X 9 X C1011 X AS27138,0
2019 X 9 X C1011 X AS27133,0
2019 X 9 X C1026 X AS27134,0
2019 X 9 X C1026 X AS27132,0
2019 X 9 X C1026 X AS27000,0
2019 X 9 X C1026 X AS27137,0
2019 X 9 X C1026 X AS27138,0
2019 X 9 X C1026 X AS27133,0
2019 X 9 X C1063 X AS21126,0
2019 X 9 X C1063 X AS42018,0
2019 X 9 X C1063 X AS46000,0
2019 X 9 X C1063 X AS17005,0
2019 X 9 X C1063 X AS27134,0
2019 X 9 X C1063 X AS27132,0
2019 X 9 X C1063 X AS27000,0
2019 X 9 X C1063 X AS27139,0
2019 X 9 X C1063 X AS27137,0
2019 X 9 X C1063 X AS27138,0
2019 X 9 X C1063 X AS27133,0
2019 X 9 X C1066 X AS27134,0
2019 X 9 X C1066 X AS27132,0
2019 X 9 X C1066 X AS27000,0
2019 X 9 X C1066 X AS27137,0
2019 X 9 X C1066 X AS27138,0
2019 X 9 X C1066 X AS27133,0
2019 X 9 X C1010 X AS27134,0
2019 X 9 X C1010 X AS27132,0
2019 X 9 X C1010 X AS27000,0
2019 X 9 X C1010 X AS27137,0
2019 X 9 X C1010 X AS27138,0
2019 X 9 X C1010 X AS27133,0
2019 X 7 X C1008 X AS42018,0
2019 X 7 X C1008 X AS21126,0
2019 X 7 X C1008 X AS27134,0
2019 X 7 X C1008 X AS27132,0
2019 X 7 X C1008 X AS27000,0
2019 X 7 X C1008 X AS27137,0
2019 X 7 X C1008 X AS27138,0
2019 X 7 X C1008 X AS27133,0
2019 X 8 X C1008 X AS27134,0
2019 X 8 X C1008 X AS27000,0
2019 X 8 X C1008 X AS27137,0
2019 X 8 X C1008 X AS27138,0
2019 X 8 X C1008 X AS27133,0
2019 X 9 X C1008 X AS27134,0
2019 X 9 X C1008 X AS27000,0
2019 X 9 X C1008 X AS27137,0
2019 X 9 X C1008 X AS27138,0
2019 X 9 X C1008 X AS27133,0
2019 X 7 X C1679 X AS46000,0
2019 X 7 X C1679 X AS27134,0
2019 X 7 X C1679 X AS27000,0
2019 X 7 X C1679 X AS27139,0
2019 X 7 X C1679 X AS27138,0
2019 X 7 X C1679 X AS27133,0
2019 X 7 X C1082 X AS21126,0
2019 X 7 X C1082 X AS27134,0
2019 X 7 X C1082 X AS27132,0
2019 X 7 X C1082 X AS27000,0
2019 X 7 X C1082 X AS27137,0
2019 X 7 X C1082 X AS27138,0
2019 X 7 X C1082 X AS27133,0
2019 X 8 X C1082 X AS21126,0
2019 X 8 X C1082 X AS27134,0
2019 X 8 X C1082 X AS27132,0
2019 X 8 X C1082 X AS27000,0
2019 X 8 X C1082 X AS27137,0
2019 X 8 X C1082 X AS27138,0
2019 X 8 X C1082 X AS27133,0
2019 X 8 X C1679 X AS46000,0
2019 X 8 X C1679 X AS27134,0
2019 X 8 X C1679 X AS27000,0
2019 X 8 X C1679 X AS27139,0
2019 X 8 X C1679 X AS27138,0
2019 X 8 X C1679 X AS27133,0
2019 X 9 X C1082 X AS21126,0
2019 X 9 X C1082 X AS27134,0
2019 X 9 X C1082 X AS27132,0
2019 X 9 X C1082 X AS27000,0
2019 X 9 X C1082 X AS27137,0
2019 X 9 X C1082 X AS27138,0
2019 X 9 X C1082 X AS27133,0
2019 X 9 X C1679 X AS46000,0
2019 X 9 X C1679 X AS27000,0
2019 X 9 X C1679 X AS27139,0
2019 X 9 X C1679 X AS27138,0
2019 X 9 X C1679 X AS27133,0
2019 X 7 X C1106 X AS21126,0
2019 X 7 X C1106 X AS27134,0
2019 X 7 X C1106 X AS27132,0
2019 X 7 X C1106 X AS27000,0
2019 X 7 X C1106 X AS27138,0
2019 X 7 X C1106 X AS27133,0
2019 X 7 X C1681 X AS21126,0
2019 X 7 X C1681 X AS17005,0
2019 X 7 X C1681 X AS27134,0
2019 X 7 X C1681 X AS27132,0
2019 X 7 X C1681 X AS27000,0
2019 X 7 X C1681 X AS27137,0
2019 X 7 X C1681 X AS27138,0
2019 X 7 X C1681 X AS27133,0
2019 X 7 X C1062 X AS21126,0
2019 X 7 X C1062 X AS27134,0
2019 X 7 X C1062 X AS27132,0
2019 X 7 X C1062 X AS27000,0
2019 X 7 X C1062 X AS27139,0
2019 X 7 X C1062 X AS27137,0
2019 X 7 X C1062 X AS27138,0
2019 X 7 X C1062 X AS27133,0
2019 X 7 X C1034 X AS27134,0
2019 X 7 X C1034 X AS27132,0
2019 X 7 X C1034 X AS27000,0
2019 X 7 X C1034 X AS27138,0
2019 X 7 X C1034 X AS27133,0
2019 X 7 X C1413 X AS21126,0
2019 X 7 X C1413 X AS27134,0
2019 X 7 X C1413 X AS27132,0
2019 X 7 X C1413 X AS27000,0
2019 X 7 X C1413 X AS27138,0
2019 X 7 X C1413 X AS27133,0
2019 X 7 X C1054 X AS21126,0
2019 X 7 X C1054 X AS27134,0
2019 X 7 X C1054 X AS27132,0
2019 X 7 X C1054 X AS27000,0
2019 X 7 X C1054 X AS27137,0
2019 X 7 X C1054 X AS27138,0
2019 X 7 X C1054 X AS27133,0
2019 X 7 X C1014 X AS42018,0
2019 X 7 X C1014 X AS21126,0
2019 X 7 X C1014 X AS46000,0
2019 X 7 X C1014 X AS17005,0
2019 X 7 X C1014 X AS27134,0
2019 X 7 X C1014 X AS27132,0
2019 X 7 X C1014 X AS27000,0
2019 X 7 X C1014 X AS27139,0
2019 X 7 X C1014 X AS27137,0
2019 X 7 X C1014 X AS27138,0
2019 X 7 X C1014 X AS27133,0
2019 X 7 X C1059 X AS21126,0
2019 X 7 X C1059 X AS27134,0
2019 X 7 X C1059 X AS27132,0
2019 X 7 X C1059 X AS27000,0
2019 X 7 X C1059 X AS27137,0
2019 X 7 X C1059 X AS27138,0
2019 X 7 X C1059 X AS27133,0
2019 X 7 X C1051 X AS21126,0
2019 X 7 X C1051 X AS27134,0
2019 X 7 X C1051 X AS27132,0
2019 X 7 X C1051 X AS27000,0
2019 X 7 X C1051 X AS27137,0
2019 X 7 X C1051 X AS27138,0
2019 X 7 X C1051 X AS27133,0
2019 X 8 X C1413 X AS21126,0
2019 X 8 X C1413 X AS27134,0
2019 X 8 X C1413 X AS27132,0
2019 X 8 X C1413 X AS27000,0
2019 X 8 X C1413 X AS27138,0
2019 X 8 X C1413 X AS27133,0
2019 X 8 X C1054 X AS21126,0
2019 X 8 X C1054 X AS27134,0
2019 X 8 X C1054 X AS27132,0
2019 X 8 X C1054 X AS27000,0
2019 X 8 X C1054 X AS27137,0
2019 X 8 X C1054 X AS27138,0
2019 X 8 X C1054 X AS27133,0
2019 X 8 X C1014 X AS42018,0
2019 X 8 X C1014 X AS21126,0
2019 X 8 X C1014 X AS46000,0
2019 X 8 X C1014 X AS17005,0
2019 X 8 X C1014 X AS27134,0
2019 X 8 X C1014 X AS27132,0
2019 X 8 X C1014 X AS27000,0
2019 X 8 X C1014 X AS27139,0
2019 X 8 X C1014 X AS27137,0
2019 X 8 X C1014 X AS27138,0
2019 X 8 X C1014 X AS27133,0
2019 X 8 X C1059 X AS21126,0
2019 X 8 X C1059 X AS27134,0
2019 X 8 X C1059 X AS27132,0
2019 X 8 X C1059 X AS27000,0
2019 X 8 X C1059 X AS27137,0
2019 X 8 X C1059 X AS27138,0
2019 X 8 X C1059 X AS27133,0
2019 X 8 X C1051 X AS21126,0
2019 X 8 X C1051 X AS27134,0
2019 X 8 X C1051 X AS27132,0
2019 X 8 X C1051 X AS27000,0
2019 X 8 X C1051 X AS27137,0
2019 X 8 X C1051 X AS27138,0
2019 X 8 X C1051 X AS27133,0
2019 X 8 X C1034 X AS27134,0
2019 X 8 X C1034 X AS27132,0
2019 X 8 X C1034 X AS27000,0
2019 X 8 X C1034 X AS27138,0
2019 X 8 X C1034 X AS27133,0
2019 X 8 X C1681 X AS21126,0
2019 X 8 X C1681 X AS17005,0
2019 X 8 X C1681 X AS27134,0
2019 X 8 X C1681 X AS27132,0
2019 X 8 X C1681 X AS27000,0
2019 X 8 X C1681 X AS27137,0
2019 X 8 X C1681 X AS27138,0
2019 X 8 X C1681 X AS27133,0
2019 X 8 X C1106 X AS21126,0
2019 X 8 X C1106 X AS27134,0
2019 X 8 X C1106 X AS27132,0
2019 X 8 X C1106 X AS27000,0
2019 X 8 X C1106 X AS27138,0
2019 X 8 X C1106 X AS27133,0
2019 X 8 X C1062 X AS21126,0
2019 X 8 X C1062 X AS27134,0
2019 X 8 X C1062 X AS27132,0
2019 X 8 X C1062 X AS27000,0
2019 X 8 X C1062 X AS27139,0
2019 X 8 X C1062 X AS27137,0
2019 X 8 X C1062 X AS27138,0
2019 X 8 X C1062 X AS27133,0
2019 X 9 X C1413 X AS21126,0
2019 X 9 X C1413 X AS27134,0
2019 X 9 X C1413 X AS27132,0
2019 X 9 X C1413 X AS27000,0
2019 X 9 X C1413 X AS27138,0
2019 X 9 X C1413 X AS27133,0
2019 X 9 X C1014 X AS42018,0
2019 X 9 X C1014 X AS21126,0
2019 X 9 X C1014 X AS46000,0
2019 X 9 X C1014 X AS17005,0
2019 X 9 X C1014 X AS27134,0
2019 X 9 X C1014 X AS27132,0
2019 X 9 X C1014 X AS27000,0
2019 X 9 X C1014 X AS27139,0
2019 X 9 X C1014 X AS27137,0
2019 X 9 X C1014 X AS27138,0
2019 X 9 X C1014 X AS27133,0
2019 X 9 X C1059 X AS27134,0
2019 X 9 X C1059 X AS27132,0
2019 X 9 X C1059 X AS27000,0
2019 X 9 X C1059 X AS27137,0
2019 X 9 X C1059 X AS27138,0
2019 X 9 X C1059 X AS27133,0
2019 X 9 X C1051 X AS27134,0
2019 X 9 X C1051 X AS27132,0
2019 X 9 X C1051 X AS27000,0
2019 X 9 X C1051 X AS27137,0
2019 X 9 X C1051 X AS27138,0
2019 X 9 X C1051 X AS27133,0
2019 X 9 X C1106 X AS21126,0
2019 X 9 X C1106 X AS27134,0
2019 X 9 X C1106 X AS27132,0
2019 X 9 X C1106 X AS27000,0
2019 X 9 X C1106 X AS27138,0
2019 X 9 X C1106 X AS27133,0
2019 X 9 X C1681 X AS21126,0
2019 X 9 X C1681 X AS17005,0
2019 X 9 X C1681 X AS27134,0
2019 X 9 X C1681 X AS27132,0
2019 X 9 X C1681 X AS27000,0
2019 X 9 X C1681 X AS27137,0
2019 X 9 X C1681 X AS27138,0
2019 X 9 X C1681 X AS27133,0
2019 X 9 X C1062 X AS21126,0
2019 X 9 X C1062 X AS27134,0
2019 X 9 X C1062 X AS27132,0
2019 X 9 X C1062 X AS27000,0
2019 X 9 X C1062 X AS27139,0
2019 X 9 X C1062 X AS27137,0
2019 X 9 X C1062 X AS27138,0
2019 X 9 X C1062 X AS27133,0
2019 X 9 X C1034 X AS27134,0
2019 X 9 X C1034 X AS27132,0
2019 X 9 X C1034 X AS27000,0
2019 X 9 X C1034 X AS27138,0
2019 X 9 X C1034 X AS27133,0
2019 X 9 X C1054 X AS21126,0
2019 X 9 X C1054 X AS27134,0
2019 X 9 X C1054 X AS27132,0
2019 X 9 X C1054 X AS27000,0
2019 X 9 X C1054 X AS27137,0
2019 X 9 X C1054 X AS27138,0
2019 X 9 X C1054 X AS27133,0
2019 X 7 X C4037 X AS21126,0
2019 X 7 X C4037 X AS46000,0
2019 X 7 X C4037 X AS27134,0
2019 X 7 X C4037 X AS27132,0
2019 X 7 X C4037 X AS27000,0
2019 X 7 X C4037 X AS27137,0
2019 X 7 X C4037 X AS27138,0
2019 X 7 X C4037 X AS27133,0
2019 X 8 X C4037 X AS21126,0
2019 X 8 X C4037 X AS46000,0
2019 X 8 X C4037 X AS27134,0
2019 X 8 X C4037 X AS27132,0
2019 X 8 X C4037 X AS27000,0
2019 X 8 X C4037 X AS27137,0
2019 X 8 X C4037 X AS27138,0
2019 X 8 X C4037 X AS27133,0
2019 X 9 X C4037 X AS21126,0
2019 X 9 X C4037 X AS46000,0
2019 X 9 X C4037 X AS27134,0
2019 X 9 X C4037 X AS27132,0
2019 X 9 X C4037 X AS27000,0
2019 X 9 X C4037 X AS27137,0
2019 X 9 X C4037 X AS27138,0
2019 X 9 X C4037 X AS27133,0
2019 X 7 X C1004 X AS27132,0
2019 X 7 X C1004 X AS27000,0
2019 X 7 X C1004 X AS27137,0
2019 X 7 X C1004 X AS27138,0
2019 X 7 X C1004 X AS27133,0
2019 X 8 X C1004 X AS27132,0
2019 X 8 X C1004 X AS27000,0
2019 X 8 X C1004 X AS27137,0
2019 X 8 X C1004 X AS27138,0
2019 X 8 X C1004 X AS27133,0
2019 X 9 X C1004 X AS21126,0
2019 X 9 X C1004 X AS27134,0
2019 X 9 X C1004 X AS27132,0
2019 X 9 X C1004 X AS27000,0
2019 X 9 X C1004 X AS27137,0
2019 X 9 X C1004 X AS27138,0
2019 X 9 X C1004 X AS27133,0
2019 X 7 X C4014 X AS21126,0
2019 X 7 X C4014 X AS27132,0
2019 X 7 X C4014 X AS27000,0
2019 X 7 X C4014 X AS27137,0
2019 X 8 X C4014 X AS21126,0
2019 X 8 X C4014 X AS27132,0
2019 X 8 X C4014 X AS27000,0
2019 X 8 X C4014 X AS27137,0
2019 X 9 X C4014 X AS21126,0
2019 X 9 X C4014 X AS27132,0
2019 X 9 X C4014 X AS27000,0
2019 X 9 X C4014 X AS27137,0
2019 X 7 X C4061 X AS21126,0
2019 X 7 X C4061 X AS27134,0
2019 X 7 X C4061 X AS27132,0
2019 X 7 X C4061 X AS27000,0
2019 X 7 X C4061 X AS27137,0
2019 X 7 X C4061 X AS27138,0
2019 X 7 X C4061 X AS27133,0
2019 X 7 X C4015 X AS27134,0
2019 X 7 X C4015 X AS27132,0
2019 X 7 X C4015 X AS27000,0
2019 X 7 X C4015 X AS27137,0
2019 X 7 X C4015 X AS27138,0
2019 X 7 X C4015 X AS27133,0
2019 X 7 X C4038 X AS42018,0
2019 X 7 X C4038 X AS21126,0
2019 X 7 X C4038 X AS27134,0
2019 X 7 X C4038 X AS27132,0
2019 X 7 X C4038 X AS27000,0
2019 X 7 X C4038 X AS27139,0
2019 X 7 X C4038 X AS27137,0
2019 X 7 X C4038 X AS27138,0
2019 X 7 X C4038 X AS27133,0
2019 X 8 X C4061 X AS21126,0
2019 X 8 X C4061 X AS27134,0
2019 X 8 X C4061 X AS27132,0
2019 X 8 X C4061 X AS27000,0
2019 X 8 X C4061 X AS27137,0
2019 X 8 X C4061 X AS27138,0
2019 X 8 X C4061 X AS27133,0
2019 X 8 X C4015 X AS27134,0
2019 X 8 X C4015 X AS27132,0
2019 X 8 X C4015 X AS27000,0
2019 X 8 X C4015 X AS27137,0
2019 X 8 X C4015 X AS27138,0
2019 X 8 X C4015 X AS27133,0
2019 X 8 X C4038 X AS21126,0
2019 X 8 X C4038 X AS42018,0
2019 X 8 X C4038 X AS27134,0
2019 X 8 X C4038 X AS27132,0
2019 X 8 X C4038 X AS27000,0
2019 X 8 X C4038 X AS27139,0
2019 X 8 X C4038 X AS27137,0
2019 X 8 X C4038 X AS27138,0
2019 X 8 X C4038 X AS27133,0
2019 X 9 X C4061 X AS21126,0
2019 X 9 X C4061 X AS27134,0
2019 X 9 X C4061 X AS27132,0
2019 X 9 X C4061 X AS27000,0
2019 X 9 X C4061 X AS27137,0
2019 X 9 X C4061 X AS27138,0
2019 X 9 X C4061 X AS27133,0
2019 X 9 X C4015 X AS27134,0
2019 X 9 X C4015 X AS27132,0
2019 X 9 X C4015 X AS27000,0
2019 X 9 X C4015 X AS27137,0
2019 X 9 X C4015 X AS27138,0
2019 X 9 X C4015 X AS27133,0
2019 X 9 X C4038 X AS42018,0
2019 X 9 X C4038 X AS21126,0
2019 X 9 X C4038 X AS27134,0
2019 X 9 X C4038 X AS27132,0
2019 X 9 X C4038 X AS27000,0
2019 X 9 X C4038 X AS27139,0
2019 X 9 X C4038 X AS27137,0
2019 X 9 X C4038 X AS27138,0
2019 X 9 X C4038 X AS27133,0
2019 X 7 X C1093 X AS46000,0
2019 X 7 X C1093 X AS27000,0
2019 X 7 X C1093 X AS27139,0
2019 X 7 X C1093 X AS27133,0
2019 X 7 X C1083 X AS46000,0
2019 X 7 X C1083 X AS27000,0
2019 X 7 X C1083 X AS27138,0
2019 X 7 X C1083 X AS27133,0
2019 X 8 X C1093 X AS46000,0
2019 X 8 X C1093 X AS27000,0
2019 X 8 X C1093 X AS27139,0
2019 X 8 X C1093 X AS27133,0
2019 X 8 X C1083 X AS46000,0
2019 X 8 X C1083 X AS27000,0
2019 X 8 X C1083 X AS27138,0
2019 X 8 X C1083 X AS27133,0
2019 X 9 X C1083 X AS46000,0
2019 X 9 X C1083 X AS27000,0
2019 X 9 X C1083 X AS27138,0
2019 X 9 X C1083 X AS27133,0
2019 X 9 X C1093 X AS46000,0
2019 X 9 X C1093 X AS27000,0
2019 X 9 X C1093 X AS27139,0
2019 X 9 X C1093 X AS27133,0
2019 X 7 X C1084 X AS21126,0
2019 X 7 X C1084 X AS17005,0
2019 X 7 X C1084 X AS27134,0
2019 X 7 X C1084 X AS27132,0
2019 X 7 X C1084 X AS27000,0
2019 X 7 X C1084 X AS27137,0
2019 X 7 X C1084 X AS27138,0
2019 X 7 X C1084 X AS27133,0
2019 X 8 X C1084 X AS21126,0
2019 X 8 X C1084 X AS17005,0
2019 X 8 X C1084 X AS27134,0
2019 X 8 X C1084 X AS27132,0
2019 X 8 X C1084 X AS27000,0
2019 X 8 X C1084 X AS27137,0
2019 X 8 X C1084 X AS27138,0
2019 X 8 X C1084 X AS27133,0
2019 X 9 X C1084 X AS21126,0
2019 X 9 X C1084 X AS17005,0
2019 X 9 X C1084 X AS27134,0
2019 X 9 X C1084 X AS27132,0
2019 X 9 X C1084 X AS27000,0
2019 X 9 X C1084 X AS27137,0
2019 X 9 X C1084 X AS27138,0
2019 X 9 X C1084 X AS27133,0
2019 X 7 X C5015 X AS21126,0
2019 X 7 X C5015 X AS46000,0
2019 X 7 X C5015 X AS27000,0
2019 X 7 X C5015 X AS27137,0
2019 X 7 X C5015 X AS27133,0
2019 X 8 X C5015 X AS21126,0
2019 X 8 X C5015 X AS46000,0
2019 X 8 X C5015 X AS27000,0
2019 X 8 X C5015 X AS27137,0
2019 X 8 X C5015 X AS27138,0
2019 X 8 X C5015 X AS27133,0
2019 X 9 X C5015 X AS21126,0
2019 X 9 X C5015 X AS46000,0
2019 X 9 X C5015 X AS27000,0
2019 X 9 X C5015 X AS27137,0
2019 X 9 X C5015 X AS27138,0
2019 X 9 X C5015 X AS27133,0
2019 X 7 X C2047 X AS27000,0
2019 X 7 X C2047 X AS27139,0
2019 X 7 X C2047 X AS27137,0
2019 X 7 X C2047 X AS27138,0
2019 X 7 X C2047 X AS27133,0
2019 X 8 X C2047 X AS27000,0
2019 X 8 X C2047 X AS27139,0
2019 X 8 X C2047 X AS27137,0
2019 X 8 X C2047 X AS27138,0
2019 X 8 X C2047 X AS27133,0
2019 X 9 X C2047 X AS27000,0
2019 X 9 X C2047 X AS27139,0
2019 X 9 X C2047 X AS27137,0
2019 X 9 X C2047 X AS27138,0
2019 X 9 X C2047 X AS27133,0
2019 X 7 X C4056 X AS21126,0
2019 X 7 X C4056 X AS27134,0
2019 X 7 X C4056 X AS27132,0
2019 X 7 X C4056 X AS27000,0
2019 X 7 X C4056 X AS27137,0
2019 X 7 X C4056 X AS27138,0
2019 X 7 X C4056 X AS27133,0
2019 X 8 X C4056 X AS21126,0
2019 X 8 X C4056 X AS27134,0
2019 X 8 X C4056 X AS27132,0
2019 X 8 X C4056 X AS27000,0
2019 X 8 X C4056 X AS27139,0
2019 X 8 X C4056 X AS27137,0
2019 X 8 X C4056 X AS27138,0
2019 X 8 X C4056 X AS27133,0
2019 X 9 X C4056 X AS21126,0
2019 X 9 X C4056 X AS27134,0
2019 X 9 X C4056 X AS27132,0
2019 X 9 X C4056 X AS27000,0
2019 X 9 X C4056 X AS27139,0
2019 X 9 X C4056 X AS27137,0
2019 X 9 X C4056 X AS27138,0
2019 X 9 X C4056 X AS27133,0
2019 X 7 X C5016 X AS27134,0
2019 X 7 X C5016 X AS27000,0
2019 X 7 X C5016 X AS27137,0
2019 X 7 X C5016 X AS27133,0
2019 X 8 X C5016 X AS27134,0
2019 X 8 X C5016 X AS27000,0
2019 X 8 X C5016 X AS27137,0
2019 X 8 X C5016 X AS27133,0
2019 X 9 X C5016 X AS27134,0
2019 X 9 X C5016 X AS27000,0
2019 X 9 X C5016 X AS27137,0
2019 X 9 X C5016 X AS27133,0
2019 X 7 X C5017 X AS21126,0
2019 X 7 X C5017 X AS46000,0
2019 X 7 X C5017 X AS27132,0
2019 X 7 X C5017 X AS27000,0
2019 X 7 X C5017 X AS27137,0
2019 X 7 X C5017 X AS27138,0
2019 X 7 X C5017 X AS27133,0
2019 X 8 X C5017 X AS21126,0
2019 X 8 X C5017 X AS46000,0
2019 X 8 X C5017 X AS27132,0
2019 X 8 X C5017 X AS27000,0
2019 X 8 X C5017 X AS27137,0
2019 X 8 X C5017 X AS27138,0
2019 X 8 X C5017 X AS27133,0
2019 X 9 X C5017 X AS21126,0
2019 X 9 X C5017 X AS46000,0
2019 X 9 X C5017 X AS27132,0
2019 X 9 X C5017 X AS27000,0
2019 X 9 X C5017 X AS27137,0
2019 X 9 X C5017 X AS27138,0
2019 X 9 X C5017 X AS27133,0
2019 X 7 X C2049 X AS21126,0
2019 X 7 X C2049 X AS46000,0
2019 X 7 X C2049 X AS27134,0
2019 X 7 X C2049 X AS27132,0
2019 X 7 X C2049 X AS27000,0
2019 X 7 X C2049 X AS27139,0
2019 X 7 X C2049 X AS27137,0
2019 X 7 X C2049 X AS27138,0
2019 X 7 X C2049 X AS27133,0
2019 X 8 X C2049 X AS21126,0
2019 X 8 X C2049 X AS46000,0
2019 X 8 X C2049 X AS27134,0
2019 X 8 X C2049 X AS27132,0
2019 X 8 X C2049 X AS27000,0
2019 X 8 X C2049 X AS27139,0
2019 X 8 X C2049 X AS27137,0
2019 X 8 X C2049 X AS27138,0
2019 X 8 X C2049 X AS27133,0
2019 X 9 X C2049 X AS21126,0
2019 X 9 X C2049 X AS46000,0
2019 X 9 X C2049 X AS27134,0
2019 X 9 X C2049 X AS27132,0
2019 X 9 X C2049 X AS27000,0
2019 X 9 X C2049 X AS27139,0
2019 X 9 X C2049 X AS27137,0
2019 X 9 X C2049 X AS27138,0
2019 X 9 X C2049 X AS27133,0
2019 X 7 X C4002 X AS42018,0
2019 X 7 X C4002 X AS27134,0
2019 X 7 X C4002 X AS27132,0
2019 X 7 X C4002 X AS27000,0
2019 X 7 X C4002 X AS27137,0
2019 X 7 X C4002 X AS27138,0
2019 X 7 X C4002 X AS27133,0
2019 X 8 X C4002 X AS42018,0
2019 X 8 X C4002 X AS27134,0
2019 X 8 X C4002 X AS27132,0
2019 X 8 X C4002 X AS27000,0
2019 X 8 X C4002 X AS27137,0
2019 X 8 X C4002 X AS27138,0
2019 X 8 X C4002 X AS27133,0
2019 X 9 X C4002 X AS42018,0
2019 X 9 X C4002 X AS27134,0
2019 X 9 X C4002 X AS27132,0
2019 X 9 X C4002 X AS27000,0
2019 X 9 X C4002 X AS27137,0
2019 X 9 X C4002 X AS27138,0
2019 X 9 X C4002 X AS27133,0
2019 X 7 X C4016 X AS27134,0
2019 X 7 X C4016 X AS27000,0
2019 X 7 X C4016 X AS27138,0
2019 X 7 X C4016 X AS27133,0
2019 X 7 X C4017 X AS46000,0
2019 X 7 X C4017 X AS17005,0
2019 X 7 X C4017 X AS27134,0
2019 X 7 X C4017 X AS27132,0
2019 X 7 X C4017 X AS27000,0
2019 X 7 X C4017 X AS27139,0
2019 X 7 X C4017 X AS27137,0
2019 X 7 X C4017 X AS27138,0
2019 X 7 X C4017 X AS27133,0
2019 X 7 X C4054 X AS21126,0
2019 X 7 X C4054 X AS27133,0
2019 X 8 X C4054 X AS21126,0
2019 X 8 X C4054 X AS27133,0
2019 X 8 X C4016 X AS27134,0
2019 X 8 X C4016 X AS27000,0
2019 X 8 X C4016 X AS27138,0
2019 X 8 X C4016 X AS27133,0
2019 X 8 X C4017 X AS46000,0
2019 X 8 X C4017 X AS17005,0
2019 X 8 X C4017 X AS27134,0
2019 X 8 X C4017 X AS27132,0
2019 X 8 X C4017 X AS27000,0
2019 X 8 X C4017 X AS27139,0
2019 X 8 X C4017 X AS27137,0
2019 X 8 X C4017 X AS27138,0
2019 X 8 X C4017 X AS27133,0
2019 X 9 X C4054 X AS21126,0
2019 X 9 X C4054 X AS27133,0
2019 X 9 X C4017 X AS46000,0
2019 X 9 X C4017 X AS17005,0
2019 X 9 X C4017 X AS27134,0
2019 X 9 X C4017 X AS27132,0
2019 X 9 X C4017 X AS27000,0
2019 X 9 X C4017 X AS27139,0
2019 X 9 X C4017 X AS27137,0
2019 X 9 X C4017 X AS27138,0
2019 X 9 X C4017 X AS27133,0
2019 X 9 X C4016 X AS21126,0
2019 X 9 X C4016 X AS27134,0
2019 X 9 X C4016 X AS27000,0
2019 X 9 X C4016 X AS27138,0
2019 X 9 X C4016 X AS27133,0
2019 X 7 X C2002 X AS42018,0
2019 X 7 X C2002 X AS21126,0
2019 X 7 X C2002 X AS27132,0
2019 X 7 X C2002 X AS27000,0
2019 X 7 X C2002 X AS27137,0
2019 X 7 X C2002 X AS27138,0
2019 X 7 X C2002 X AS27133,0
2019 X 7 X C2011 X AS42018,0
2019 X 7 X C2011 X AS46000,0
2019 X 7 X C2011 X AS17005,0
2019 X 7 X C2011 X AS27134,0
2019 X 7 X C2011 X AS27000,0
2019 X 7 X C2011 X AS27139,0
2019 X 7 X C2011 X AS27137,0
2019 X 7 X C2011 X AS27138,0
2019 X 7 X C2011 X AS27133,0
2019 X 8 X C2002 X AS21126,0
2019 X 8 X C2002 X AS42018,0
2019 X 8 X C2002 X AS27132,0
2019 X 8 X C2002 X AS27000,0
2019 X 8 X C2002 X AS27137,0
2019 X 8 X C2002 X AS27138,0
2019 X 8 X C2002 X AS27133,0
2019 X 8 X C2011 X AS42018,0
2019 X 8 X C2011 X AS46000,0
2019 X 8 X C2011 X AS17005,0
2019 X 8 X C2011 X AS27134,0
2019 X 8 X C2011 X AS27000,0
2019 X 8 X C2011 X AS27139,0
2019 X 8 X C2011 X AS27137,0
2019 X 8 X C2011 X AS27138,0
2019 X 8 X C2011 X AS27133,0
2019 X 9 X C2011 X AS42018,0
2019 X 9 X C2011 X AS46000,0
2019 X 9 X C2011 X AS17005,0
2019 X 9 X C2011 X AS27134,0
2019 X 9 X C2011 X AS27000,0
2019 X 9 X C2011 X AS27139,0
2019 X 9 X C2011 X AS27137,0
2019 X 9 X C2011 X AS27138,0
2019 X 9 X C2011 X AS27133,0
2019 X 9 X C2002 X AS21126,0
2019 X 9 X C2002 X AS42018,0
2019 X 9 X C2002 X AS27132,0
2019 X 9 X C2002 X AS27000,0
2019 X 9 X C2002 X AS27137,0
2019 X 9 X C2002 X AS27138,0
2019 X 9 X C2002 X AS27133,0
2019 X 7 X C2010 X AS42018,0
2019 X 7 X C2010 X AS21126,0
2019 X 7 X C2010 X AS46000,0
2019 X 7 X C2010 X AS17005,0
2019 X 7 X C2010 X AS27134,0
2019 X 7 X C2010 X AS27132,0
2019 X 7 X C2010 X AS27000,0
2019 X 7 X C2010 X AS27139,0
2019 X 7 X C2010 X AS27137,0
2019 X 7 X C2010 X AS27138,0
2019 X 7 X C2010 X AS27133,0
2019 X 8 X C2010 X AS21126,0
2019 X 8 X C2010 X AS42018,0
2019 X 8 X C2010 X AS46000,0
2019 X 8 X C2010 X AS17005,0
2019 X 8 X C2010 X AS27134,0
2019 X 8 X C2010 X AS27132,0
2019 X 8 X C2010 X AS27000,0
2019 X 8 X C2010 X AS27139,0
2019 X 8 X C2010 X AS27137,0
2019 X 8 X C2010 X AS27138,0
2019 X 8 X C2010 X AS27133,0
2019 X 9 X C2010 X AS21126,0
2019 X 9 X C2010 X AS42018,0
2019 X 9 X C2010 X AS46000,0
2019 X 9 X C2010 X AS17005,0
2019 X 9 X C2010 X AS27134,0
2019 X 9 X C2010 X AS27132,0
2019 X 9 X C2010 X AS27000,0
2019 X 9 X C2010 X AS27139,0
2019 X 9 X C2010 X AS27137,0
2019 X 9 X C2010 X AS27138,0
2019 X 9 X C2010 X AS27133,0
2019 X 7 X C4018 X AS21126,0
2019 X 7 X C4018 X AS27134,0
2019 X 7 X C4018 X AS27132,0
2019 X 7 X C4018 X AS27000,0
2019 X 7 X C4018 X AS27139,0
2019 X 7 X C4018 X AS27138,0
2019 X 7 X C4018 X AS27133,0
2019 X 8 X C4018 X AS21126,0
2019 X 8 X C4018 X AS27134,0
2019 X 8 X C4018 X AS27132,0
2019 X 8 X C4018 X AS27000,0
2019 X 8 X C4018 X AS27139,0
2019 X 8 X C4018 X AS27138,0
2019 X 8 X C4018 X AS27133,0
2019 X 9 X C4018 X AS21126,0
2019 X 9 X C4018 X AS27134,0
2019 X 9 X C4018 X AS27132,0
2019 X 9 X C4018 X AS27000,0
2019 X 9 X C4018 X AS27139,0
2019 X 9 X C4018 X AS27138,0
2019 X 9 X C4018 X AS27133,0
2019 X 7 X C3010 X AS42018,0
2019 X 7 X C3010 X AS27134,0
2019 X 7 X C3010 X AS27132,0
2019 X 7 X C3010 X AS27000,0
2019 X 7 X C3010 X AS27137,0
2019 X 7 X C3010 X AS27138,0
2019 X 7 X C3010 X AS27133,0
2019 X 7 X C3014 X AS27134,0
2019 X 7 X C3014 X AS27000,0
2019 X 7 X C3014 X AS27137,0
2019 X 7 X C3014 X AS27138,0
2019 X 7 X C3014 X AS27133,0
2019 X 7 X C3015 X AS27134,0
2019 X 7 X C3015 X AS27132,0
2019 X 7 X C3015 X AS27000,0
2019 X 7 X C3015 X AS27137,0
2019 X 7 X C3015 X AS27138,0
2019 X 7 X C3015 X AS27133,0
2019 X 8 X C3010 X AS42018,0
2019 X 8 X C3010 X AS27134,0
2019 X 8 X C3010 X AS27132,0
2019 X 8 X C3010 X AS27000,0
2019 X 8 X C3010 X AS27137,0
2019 X 8 X C3010 X AS27138,0
2019 X 8 X C3010 X AS27133,0
2019 X 8 X C3014 X AS27134,0
2019 X 8 X C3014 X AS27000,0
2019 X 8 X C3014 X AS27137,0
2019 X 8 X C3014 X AS27138,0
2019 X 8 X C3014 X AS27133,0
2019 X 8 X C3015 X AS27134,0
2019 X 8 X C3015 X AS27132,0
2019 X 8 X C3015 X AS27000,0
2019 X 8 X C3015 X AS27137,0
2019 X 8 X C3015 X AS27138,0
2019 X 8 X C3015 X AS27133,0
2019 X 9 X C3014 X AS27134,0
2019 X 9 X C3014 X AS27000,0
2019 X 9 X C3014 X AS27137,0
2019 X 9 X C3014 X AS27138,0
2019 X 9 X C3014 X AS27133,0
2019 X 9 X C3010 X AS42018,0
2019 X 9 X C3010 X AS27134,0
2019 X 9 X C3010 X AS27132,0
2019 X 9 X C3010 X AS27000,0
2019 X 9 X C3010 X AS27137,0
2019 X 9 X C3010 X AS27138,0
2019 X 9 X C3010 X AS27133,0
2019 X 9 X C3015 X AS21126,0
2019 X 9 X C3015 X AS27134,0
2019 X 9 X C3015 X AS27132,0
2019 X 9 X C3015 X AS27000,0
2019 X 9 X C3015 X AS27137,0
2019 X 9 X C3015 X AS27138,0
2019 X 9 X C3015 X AS27133,0
2019 X 7 X C1399 X AS27134,0
2019 X 7 X C1399 X AS27132,0
2019 X 7 X C1399 X AS27000,0
2019 X 7 X C1399 X AS27137,0
2019 X 7 X C1399 X AS27138,0
2019 X 7 X C1399 X AS27133,0
2019 X 7 X C1745 X AS46000,0
2019 X 7 X C1745 X AS27134,0
2019 X 7 X C1745 X AS27132,0
2019 X 7 X C1745 X AS27000,0
2019 X 7 X C1745 X AS27137,0
2019 X 7 X C1745 X AS27138,0
2019 X 7 X C1745 X AS27133,0
2019 X 7 X C1144 X AS46000,0
2019 X 7 X C1144 X AS27134,0
2019 X 7 X C1144 X AS27132,0
2019 X 7 X C1144 X AS27000,0
2019 X 7 X C1144 X AS27138,0
2019 X 7 X C1144 X AS27133,0
2019 X 7 X C1086 X AS27134,0
2019 X 7 X C1086 X AS27132,0
2019 X 7 X C1086 X AS27000,0
2019 X 7 X C1086 X AS27137,0
2019 X 7 X C1086 X AS27138,0
2019 X 7 X C1086 X AS27133,0
2019 X 7 X C1029 X AS46000,0
2019 X 7 X C1029 X AS27134,0
2019 X 7 X C1029 X AS27132,0
2019 X 7 X C1029 X AS27000,0
2019 X 7 X C1029 X AS27139,0
2019 X 7 X C1029 X AS27137,0
2019 X 7 X C1029 X AS27138,0
2019 X 7 X C1029 X AS27133,0
2019 X 7 X C1018 X AS42018,0
2019 X 7 X C1018 X AS21126,0
2019 X 7 X C1018 X AS46000,0
2019 X 7 X C1018 X AS17005,0
2019 X 7 X C1018 X AS27134,0
2019 X 7 X C1018 X AS27132,0
2019 X 7 X C1018 X AS27000,0
2019 X 7 X C1018 X AS27139,0
2019 X 7 X C1018 X AS27137,0
2019 X 7 X C1018 X AS27138,0
2019 X 7 X C1018 X AS27133,0
2019 X 7 X C1056 X AS21126,0
2019 X 7 X C1056 X AS46000,0
2019 X 7 X C1056 X AS27134,0
2019 X 7 X C1056 X AS27132,0
2019 X 7 X C1056 X AS27000,0
2019 X 7 X C1056 X AS27137,0
2019 X 7 X C1056 X AS27138,0
2019 X 7 X C1056 X AS27133,0
2019 X 7 X C1055 X AS21126,0
2019 X 7 X C1055 X AS42018,0
2019 X 7 X C1055 X AS46000,0
2019 X 7 X C1055 X AS17005,0
2019 X 7 X C1055 X AS27134,0
2019 X 7 X C1055 X AS27132,0
2019 X 7 X C1055 X AS27000,0
2019 X 7 X C1055 X AS27139,0
2019 X 7 X C1055 X AS27137,0
2019 X 7 X C1055 X AS27138,0
2019 X 7 X C1055 X AS27133,0
2019 X 8 X C1144 X AS46000,0
2019 X 8 X C1144 X AS27134,0
2019 X 8 X C1144 X AS27132,0
2019 X 8 X C1144 X AS27000,0
2019 X 8 X C1144 X AS27138,0
2019 X 8 X C1144 X AS27133,0
2019 X 8 X C1086 X AS27134,0
2019 X 8 X C1086 X AS27132,0
2019 X 8 X C1086 X AS27000,0
2019 X 8 X C1086 X AS27137,0
2019 X 8 X C1086 X AS27138,0
2019 X 8 X C1086 X AS27133,0
2019 X 8 X C1029 X AS46000,0
2019 X 8 X C1029 X AS27134,0
2019 X 8 X C1029 X AS27132,0
2019 X 8 X C1029 X AS27000,0
2019 X 8 X C1029 X AS27139,0
2019 X 8 X C1029 X AS27137,0
2019 X 8 X C1029 X AS27138,0
2019 X 8 X C1029 X AS27133,0
2019 X 8 X C1018 X AS42018,0
2019 X 8 X C1018 X AS21126,0
2019 X 8 X C1018 X AS46000,0
2019 X 8 X C1018 X AS17005,0
2019 X 8 X C1018 X AS27134,0
2019 X 8 X C1018 X AS27132,0
2019 X 8 X C1018 X AS27000,0
2019 X 8 X C1018 X AS27139,0
2019 X 8 X C1018 X AS27137,0
2019 X 8 X C1018 X AS27138,0
2019 X 8 X C1018 X AS27133,0
2019 X 8 X C1745 X AS46000,0
2019 X 8 X C1745 X AS27134,0
2019 X 8 X C1745 X AS27132,0
2019 X 8 X C1745 X AS27000,0
2019 X 8 X C1745 X AS27137,0
2019 X 8 X C1745 X AS27138,0
2019 X 8 X C1745 X AS27133,0
2019 X 8 X C1399 X AS27134,0
2019 X 8 X C1399 X AS27132,0
2019 X 8 X C1399 X AS27000,0
2019 X 8 X C1399 X AS27137,0
2019 X 8 X C1399 X AS27138,0
2019 X 8 X C1399 X AS27133,0
2019 X 8 X C1055 X AS21126,0
2019 X 8 X C1055 X AS42018,0
2019 X 8 X C1055 X AS46000,0
2019 X 8 X C1055 X AS17005,0
2019 X 8 X C1055 X AS27134,0
2019 X 8 X C1055 X AS27132,0
2019 X 8 X C1055 X AS27000,0
2019 X 8 X C1055 X AS27139,0
2019 X 8 X C1055 X AS27137,0
2019 X 8 X C1055 X AS27138,0
2019 X 8 X C1055 X AS27133,0
2019 X 8 X C1056 X AS21126,0
2019 X 8 X C1056 X AS46000,0
2019 X 8 X C1056 X AS27134,0
2019 X 8 X C1056 X AS27132,0
2019 X 8 X C1056 X AS27000,0
2019 X 8 X C1056 X AS27137,0
2019 X 8 X C1056 X AS27138,0
2019 X 8 X C1056 X AS27133,0
2019 X 9 X C1399 X AS27134,0
2019 X 9 X C1399 X AS27132,0
2019 X 9 X C1399 X AS27000,0
2019 X 9 X C1399 X AS27137,0
2019 X 9 X C1399 X AS27138,0
2019 X 9 X C1399 X AS27133,0
2019 X 9 X C1086 X AS27134,0
2019 X 9 X C1086 X AS27132,0
2019 X 9 X C1086 X AS27000,0
2019 X 9 X C1086 X AS27137,0
2019 X 9 X C1086 X AS27138,0
2019 X 9 X C1086 X AS27133,0
2019 X 9 X C1018 X AS42018,0
2019 X 9 X C1018 X AS21126,0
2019 X 9 X C1018 X AS46000,0
2019 X 9 X C1018 X AS17005,0
2019 X 9 X C1018 X AS27134,0
2019 X 9 X C1018 X AS27132,0
2019 X 9 X C1018 X AS27000,0
2019 X 9 X C1018 X AS27139,0
2019 X 9 X C1018 X AS27137,0
2019 X 9 X C1018 X AS27138,0
2019 X 9 X C1018 X AS27133,0
2019 X 9 X C1745 X AS46000,0
2019 X 9 X C1745 X AS27134,0
2019 X 9 X C1745 X AS27132,0
2019 X 9 X C1745 X AS27000,0
2019 X 9 X C1745 X AS27137,0
2019 X 9 X C1745 X AS27138,0
2019 X 9 X C1745 X AS27133,0
2019 X 9 X C1029 X AS46000,0
2019 X 9 X C1029 X AS27134,0
2019 X 9 X C1029 X AS27132,0
2019 X 9 X C1029 X AS27000,0
2019 X 9 X C1029 X AS27139,0
2019 X 9 X C1029 X AS27137,0
2019 X 9 X C1029 X AS27138,0
2019 X 9 X C1029 X AS27133,0
2019 X 9 X C1056 X AS21126,0
2019 X 9 X C1056 X AS46000,0
2019 X 9 X C1056 X AS27134,0
2019 X 9 X C1056 X AS27132,0
2019 X 9 X C1056 X AS27000,0
2019 X 9 X C1056 X AS27137,0
2019 X 9 X C1056 X AS27138,0
2019 X 9 X C1056 X AS27133,0
2019 X 9 X C1144 X AS46000,0
2019 X 9 X C1144 X AS27134,0
2019 X 9 X C1144 X AS27132,0
2019 X 9 X C1144 X AS27000,0
2019 X 9 X C1144 X AS27138,0
2019 X 9 X C1144 X AS27133,0
2019 X 9 X C1055 X AS42018,0
2019 X 9 X C1055 X AS21126,0
2019 X 9 X C1055 X AS46000,0
2019 X 9 X C1055 X AS17005,0
2019 X 9 X C1055 X AS27134,0
2019 X 9 X C1055 X AS27132,0
2019 X 9 X C1055 X AS27000,0
2019 X 9 X C1055 X AS27139,0
2019 X 9 X C1055 X AS27137,0
2019 X 9 X C1055 X AS27138,0
2019 X 9 X C1055 X AS27133,0
2019 X 7 X C3011 X AS27000,0
2019 X 7 X C3011 X AS27137,0
2019 X 7 X C3011 X AS27138,0
2019 X 7 X C3011 X AS27133,0
2019 X 8 X C3011 X AS27000,0
2019 X 8 X C3011 X AS27137,0
2019 X 8 X C3011 X AS27138,0
2019 X 8 X C3011 X AS27133,0
2019 X 9 X C3011 X AS27000,0
2019 X 9 X C3011 X AS27137,0
2019 X 9 X C3011 X AS27138,0
2019 X 9 X C3011 X AS27133,0
2019 X 7 X C1088 X AS21126,0
2019 X 7 X C1088 X AS46000,0
2019 X 7 X C1088 X AS27134,0
2019 X 7 X C1088 X AS27132,0
2019 X 7 X C1088 X AS27000,0
2019 X 7 X C1088 X AS27137,0
2019 X 7 X C1088 X AS27138,0
2019 X 7 X C1088 X AS27133,0
2019 X 8 X C1088 X AS21126,0
2019 X 8 X C1088 X AS27134,0
2019 X 8 X C1088 X AS27132,0
2019 X 8 X C1088 X AS27000,0
2019 X 8 X C1088 X AS27137,0
2019 X 8 X C1088 X AS27138,0
2019 X 8 X C1088 X AS27133,0
2019 X 9 X C1088 X AS21126,0
2019 X 9 X C1088 X AS27134,0
2019 X 9 X C1088 X AS27132,0
2019 X 9 X C1088 X AS27000,0
2019 X 9 X C1088 X AS27137,0
2019 X 9 X C1088 X AS27138,0
2019 X 9 X C1088 X AS27133,0
2019 X 7 X C2003 X AS42018,0
2019 X 7 X C2003 X AS27132,0
2019 X 7 X C2003 X AS27000,0
2019 X 7 X C2003 X AS27137,0
2019 X 7 X C2003 X AS27138,0
2019 X 7 X C2003 X AS27133,0
2019 X 7 X C5060 X AS21126,0
2019 X 7 X C5060 X AS27000,0
2019 X 7 X C5060 X AS27137,0
2019 X 7 X C5060 X AS27138,0
2019 X 7 X C5060 X AS27133,0
2019 X 8 X C2003 X AS42018,0
2019 X 8 X C2003 X AS27132,0
2019 X 8 X C2003 X AS27000,0
2019 X 8 X C2003 X AS27137,0
2019 X 8 X C2003 X AS27138,0
2019 X 8 X C2003 X AS27133,0
2019 X 8 X C5060 X AS21126,0
2019 X 8 X C5060 X AS27000,0
2019 X 8 X C5060 X AS27137,0
2019 X 8 X C5060 X AS27138,0
2019 X 8 X C5060 X AS27133,0
2019 X 9 X C2003 X AS27132,0
2019 X 9 X C2003 X AS27000,0
2019 X 9 X C2003 X AS27137,0
2019 X 9 X C2003 X AS27138,0
2019 X 9 X C2003 X AS27133,0
2019 X 9 X C5060 X AS21126,0
2019 X 9 X C5060 X AS27000,0
2019 X 9 X C5060 X AS27137,0
2019 X 9 X C5060 X AS27138,0
2019 X 9 X C5060 X AS27133,0
2019 X 7 X C5018 X AS27132,0
2019 X 7 X C5018 X AS27000,0
2019 X 7 X C5018 X AS27137,0
2019 X 7 X C5018 X AS27138,0
2019 X 7 X C5018 X AS27133,0
2019 X 8 X C5018 X AS46000,0
2019 X 8 X C5018 X AS27132,0
2019 X 8 X C5018 X AS27000,0
2019 X 8 X C5018 X AS27137,0
2019 X 8 X C5018 X AS27138,0
2019 X 8 X C5018 X AS27133,0
2019 X 9 X C5018 X AS46000,0
2019 X 9 X C5018 X AS27132,0
2019 X 9 X C5018 X AS27000,0
2019 X 9 X C5018 X AS27137,0
2019 X 9 X C5018 X AS27138,0
2019 X 9 X C5018 X AS27133,0
2019 X 7 X C4024 X AS21126,0
2019 X 7 X C4024 X AS27132,0
2019 X 7 X C4024 X AS27000,0
2019 X 7 X C4024 X AS27137,0
2019 X 7 X C4024 X AS27133,0
2019 X 7 X C4019 X AS27134,0
2019 X 7 X C4019 X AS27132,0
2019 X 7 X C4019 X AS27000,0
2019 X 7 X C4019 X AS27137,0
2019 X 7 X C4019 X AS27138,0
2019 X 7 X C4019 X AS27133,0
2019 X 8 X C4019 X AS27134,0
2019 X 8 X C4019 X AS27132,0
2019 X 8 X C4019 X AS27000,0
2019 X 8 X C4019 X AS27137,0
2019 X 8 X C4019 X AS27138,0
2019 X 8 X C4019 X AS27133,0
2019 X 8 X C4024 X AS21126,0
2019 X 8 X C4024 X AS27132,0
2019 X 8 X C4024 X AS27000,0
2019 X 8 X C4024 X AS27137,0
2019 X 8 X C4024 X AS27138,0
2019 X 8 X C4024 X AS27133,0
2019 X 9 X C4019 X AS27134,0
2019 X 9 X C4019 X AS27132,0
2019 X 9 X C4019 X AS27000,0
2019 X 9 X C4019 X AS27137,0
2019 X 9 X C4019 X AS27138,0
2019 X 9 X C4019 X AS27133,0
2019 X 9 X C4024 X AS21126,0
2019 X 9 X C4024 X AS27132,0
2019 X 9 X C4024 X AS27000,0
2019 X 9 X C4024 X AS27137,0
2019 X 9 X C4024 X AS27138,0
2019 X 9 X C4024 X AS27133,0
2019 X 7 X C2051 X AS21126,0
2019 X 7 X C2051 X AS46000,0
2019 X 7 X C2051 X AS17005,0
2019 X 7 X C2051 X AS27134,0
2019 X 7 X C2051 X AS27132,0
2019 X 7 X C2051 X AS27000,0
2019 X 7 X C2051 X AS27139,0
2019 X 7 X C2051 X AS27137,0
2019 X 7 X C2051 X AS27138,0
2019 X 7 X C2051 X AS27133,0
2019 X 8 X C2051 X AS21126,0
2019 X 8 X C2051 X AS46000,0
2019 X 8 X C2051 X AS17005,0
2019 X 8 X C2051 X AS27134,0
2019 X 8 X C2051 X AS27132,0
2019 X 8 X C2051 X AS27000,0
2019 X 8 X C2051 X AS27139,0
2019 X 8 X C2051 X AS27137,0
2019 X 8 X C2051 X AS27138,0
2019 X 8 X C2051 X AS27133,0
2019 X 9 X C2051 X AS21126,0
2019 X 9 X C2051 X AS46000,0
2019 X 9 X C2051 X AS17005,0
2019 X 9 X C2051 X AS27134,0
2019 X 9 X C2051 X AS27132,0
2019 X 9 X C2051 X AS27000,0
2019 X 9 X C2051 X AS27139,0
2019 X 9 X C2051 X AS27137,0
2019 X 9 X C2051 X AS27138,0
2019 X 9 X C2051 X AS27133,0
2019 X 7 X C2004 X AS27134,0
2019 X 7 X C2004 X AS27132,0
2019 X 7 X C2004 X AS27000,0
2019 X 7 X C2004 X AS27137,0
2019 X 7 X C2004 X AS27138,0
2019 X 7 X C2004 X AS27133,0
2019 X 8 X C2004 X AS27134,0
2019 X 8 X C2004 X AS27132,0
2019 X 8 X C2004 X AS27000,0
2019 X 8 X C2004 X AS27139,0
2019 X 8 X C2004 X AS27137,0
2019 X 8 X C2004 X AS27138,0
2019 X 8 X C2004 X AS27133,0
2019 X 9 X C2004 X AS27134,0
2019 X 9 X C2004 X AS27132,0
2019 X 9 X C2004 X AS27000,0
2019 X 9 X C2004 X AS27139,0
2019 X 9 X C2004 X AS27137,0
2019 X 9 X C2004 X AS27138,0
2019 X 9 X C2004 X AS27133,0
2019 X 7 X C2005 X AS27134,0
2019 X 7 X C2005 X AS27000,0
2019 X 7 X C2005 X AS27137,0
2019 X 7 X C2005 X AS27133,0
2019 X 7 X C2016 X AS27134,0
2019 X 7 X C2016 X AS27000,0
2019 X 7 X C2016 X AS27133,0
2019 X 8 X C2005 X AS27134,0
2019 X 8 X C2005 X AS27000,0
2019 X 8 X C2005 X AS27137,0
2019 X 8 X C2005 X AS27133,0
2019 X 8 X C2016 X AS27134,0
2019 X 8 X C2016 X AS27000,0
2019 X 8 X C2016 X AS27133,0
2019 X 9 X C2005 X AS27134,0
2019 X 9 X C2005 X AS27000,0
2019 X 9 X C2005 X AS27137,0
2019 X 9 X C2005 X AS27133,0
2019 X 9 X C2016 X AS27134,0
2019 X 9 X C2016 X AS27000,0
2019 X 9 X C2016 X AS27133,0
2019 X 7 X C5019 X AS27132,0
2019 X 7 X C5019 X AS27000,0
2019 X 7 X C5019 X AS27137,0
2019 X 7 X C5019 X AS27138,0
2019 X 7 X C5019 X AS27133,0
2019 X 8 X C5019 X AS27132,0
2019 X 8 X C5019 X AS27000,0
2019 X 8 X C5019 X AS27137,0
2019 X 8 X C5019 X AS27138,0
2019 X 8 X C5019 X AS27133,0
2019 X 9 X C5019 X AS27132,0
2019 X 9 X C5019 X AS27000,0
2019 X 9 X C5019 X AS27137,0
2019 X 9 X C5019 X AS27138,0
2019 X 9 X C5019 X AS27133,0
2019 X 7 X C3012 X AS21126,0
2019 X 7 X C3012 X AS27134,0
2019 X 7 X C3012 X AS27132,0
2019 X 7 X C3012 X AS27000,0
2019 X 7 X C3012 X AS27139,0
2019 X 7 X C3012 X AS27137,0
2019 X 7 X C3012 X AS27138,0
2019 X 7 X C3012 X AS27133,0
2019 X 8 X C3012 X AS21126,0
2019 X 8 X C3012 X AS27134,0
2019 X 8 X C3012 X AS27132,0
2019 X 8 X C3012 X AS27000,0
2019 X 8 X C3012 X AS27139,0
2019 X 8 X C3012 X AS27137,0
2019 X 8 X C3012 X AS27138,0
2019 X 8 X C3012 X AS27133,0
2019 X 9 X C3012 X AS21126,0
2019 X 9 X C3012 X AS27134,0
2019 X 9 X C3012 X AS27132,0
2019 X 9 X C3012 X AS27000,0
2019 X 9 X C3012 X AS27139,0
2019 X 9 X C3012 X AS27137,0
2019 X 9 X C3012 X AS27138,0
2019 X 9 X C3012 X AS27133,0
2019 X 7 X C1089 X AS27134,0
2019 X 7 X C1089 X AS27132,0
2019 X 7 X C1089 X AS27000,0
2019 X 7 X C1089 X AS27139,0
2019 X 7 X C1089 X AS27138,0
2019 X 7 X C1089 X AS27133,0
2019 X 8 X C1089 X AS27134,0
2019 X 8 X C1089 X AS27132,0
2019 X 8 X C1089 X AS27000,0
2019 X 8 X C1089 X AS27139,0
2019 X 8 X C1089 X AS27138,0
2019 X 8 X C1089 X AS27133,0
2019 X 9 X C1089 X AS27134,0
2019 X 9 X C1089 X AS27132,0
2019 X 9 X C1089 X AS27000,0
2019 X 9 X C1089 X AS27139,0
2019 X 9 X C1089 X AS27138,0
2019 X 9 X C1089 X AS27133,0
2019 X 7 X C2053 X AS27134,0
2019 X 7 X C2053 X AS27132,0
2019 X 7 X C2053 X AS27000,0
2019 X 7 X C2053 X AS27139,0
2019 X 7 X C2053 X AS27137,0
2019 X 7 X C2053 X AS27138,0
2019 X 7 X C2053 X AS27133,0
2019 X 7 X C2017 X AS21126,0
2019 X 7 X C2017 X AS46000,0
2019 X 7 X C2017 X AS17005,0
2019 X 7 X C2017 X AS27132,0
2019 X 7 X C2017 X AS27000,0
2019 X 7 X C2017 X AS27137,0
2019 X 7 X C2017 X AS27138,0
2019 X 7 X C2017 X AS27133,0
2019 X 7 X C2194 X AS27132,0
2019 X 7 X C2194 X AS27000,0
2019 X 7 X C2194 X AS27137,0
2019 X 7 X C2194 X AS27138,0
2019 X 7 X C2194 X AS27133,0
2019 X 7 X C2006 X AS21126,0
2019 X 7 X C2006 X AS46000,0
2019 X 7 X C2006 X AS27134,0
2019 X 7 X C2006 X AS27132,0
2019 X 7 X C2006 X AS27000,0
2019 X 7 X C2006 X AS27139,0
2019 X 7 X C2006 X AS27137,0
2019 X 7 X C2006 X AS27138,0
2019 X 7 X C2006 X AS27133,0
2019 X 8 X C2006 X AS21126,0
2019 X 8 X C2006 X AS46000,0
2019 X 8 X C2006 X AS27134,0
2019 X 8 X C2006 X AS27132,0
2019 X 8 X C2006 X AS27000,0
2019 X 8 X C2006 X AS27139,0
2019 X 8 X C2006 X AS27137,0
2019 X 8 X C2006 X AS27138,0
2019 X 8 X C2006 X AS27133,0
2019 X 8 X C2053 X AS27134,0
2019 X 8 X C2053 X AS27132,0
2019 X 8 X C2053 X AS27000,0
2019 X 8 X C2053 X AS27137,0
2019 X 8 X C2053 X AS27138,0
2019 X 8 X C2053 X AS27133,0
2019 X 8 X C2194 X AS27132,0
2019 X 8 X C2194 X AS27000,0
2019 X 8 X C2194 X AS27137,0
2019 X 8 X C2194 X AS27138,0
2019 X 8 X C2194 X AS27133,0
2019 X 8 X C2017 X AS21126,0
2019 X 8 X C2017 X AS46000,0
2019 X 8 X C2017 X AS17005,0
2019 X 8 X C2017 X AS27132,0
2019 X 8 X C2017 X AS27000,0
2019 X 8 X C2017 X AS27137,0
2019 X 8 X C2017 X AS27138,0
2019 X 8 X C2017 X AS27133,0
2019 X 9 X C2053 X AS27134,0
2019 X 9 X C2053 X AS27132,0
2019 X 9 X C2053 X AS27000,0
2019 X 9 X C2053 X AS27137,0
2019 X 9 X C2053 X AS27138,0
2019 X 9 X C2053 X AS27133,0
2019 X 9 X C2006 X AS21126,0
2019 X 9 X C2006 X AS46000,0
2019 X 9 X C2006 X AS27134,0
2019 X 9 X C2006 X AS27132,0
2019 X 9 X C2006 X AS27000,0
2019 X 9 X C2006 X AS27139,0
2019 X 9 X C2006 X AS27137,0
2019 X 9 X C2006 X AS27138,0
2019 X 9 X C2006 X AS27133,0
2019 X 9 X C2017 X AS21126,0
2019 X 9 X C2017 X AS46000,0
2019 X 9 X C2017 X AS17005,0
2019 X 9 X C2017 X AS27132,0
2019 X 9 X C2017 X AS27000,0
2019 X 9 X C2017 X AS27137,0
2019 X 9 X C2017 X AS27138,0
2019 X 9 X C2017 X AS27133,0
2019 X 9 X C2194 X AS27132,0
2019 X 9 X C2194 X AS27000,0
2019 X 9 X C2194 X AS27137,0
2019 X 9 X C2194 X AS27138,0
2019 X 9 X C2194 X AS27133,0
2019 X 7 X C1087 X AS42018,0
2019 X 7 X C1087 X AS21126,0
2019 X 7 X C1087 X AS46000,0
2019 X 7 X C1087 X AS17005,0
2019 X 7 X C1087 X AS27134,0
2019 X 7 X C1087 X AS27132,0
2019 X 7 X C1087 X AS27000,0
2019 X 7 X C1087 X AS27139,0
2019 X 7 X C1087 X AS27137,0
2019 X 7 X C1087 X AS27138,0
2019 X 7 X C1087 X AS27133,0
2019 X 7 X C1090 X AS21126,0
2019 X 7 X C1090 X AS46000,0
2019 X 7 X C1090 X AS27134,0
2019 X 7 X C1090 X AS27132,0
2019 X 7 X C1090 X AS27000,0
2019 X 7 X C1090 X AS27139,0
2019 X 7 X C1090 X AS27137,0
2019 X 7 X C1090 X AS27138,0
2019 X 7 X C1090 X AS27133,0
2019 X 8 X C1090 X AS21126,0
2019 X 8 X C1090 X AS46000,0
2019 X 8 X C1090 X AS27134,0
2019 X 8 X C1090 X AS27132,0
2019 X 8 X C1090 X AS27000,0
2019 X 8 X C1090 X AS27139,0
2019 X 8 X C1090 X AS27137,0
2019 X 8 X C1090 X AS27138,0
2019 X 8 X C1090 X AS27133,0
2019 X 8 X C1087 X AS42018,0
2019 X 8 X C1087 X AS21126,0
2019 X 8 X C1087 X AS46000,0
2019 X 8 X C1087 X AS17005,0
2019 X 8 X C1087 X AS27134,0
2019 X 8 X C1087 X AS27132,0
2019 X 8 X C1087 X AS27000,0
2019 X 8 X C1087 X AS27139,0
2019 X 8 X C1087 X AS27137,0
2019 X 8 X C1087 X AS27138,0
2019 X 8 X C1087 X AS27133,0
2019 X 9 X C1090 X AS21126,0
2019 X 9 X C1090 X AS46000,0
2019 X 9 X C1090 X AS27134,0
2019 X 9 X C1090 X AS27132,0
2019 X 9 X C1090 X AS27000,0
2019 X 9 X C1090 X AS27139,0
2019 X 9 X C1090 X AS27137,0
2019 X 9 X C1090 X AS27138,0
2019 X 9 X C1090 X AS27133,0
2019 X 9 X C1087 X AS21126,0
2019 X 9 X C1087 X AS42018,0
2019 X 9 X C1087 X AS46000,0
2019 X 9 X C1087 X AS17005,0
2019 X 9 X C1087 X AS27134,0
2019 X 9 X C1087 X AS27132,0
2019 X 9 X C1087 X AS27000,0
2019 X 9 X C1087 X AS27139,0
2019 X 9 X C1087 X AS27137,0
2019 X 9 X C1087 X AS27138,0
2019 X 9 X C1087 X AS27133,0
2019 X 7 X C1091 X AS21126,0
2019 X 7 X C1091 X AS27132,0
2019 X 7 X C1091 X AS27000,0
2019 X 7 X C1091 X AS27137,0
2019 X 7 X C1091 X AS27138,0
2019 X 7 X C1091 X AS27133,0
2019 X 8 X C1091 X AS21126,0
2019 X 8 X C1091 X AS27132,0
2019 X 8 X C1091 X AS27000,0
2019 X 8 X C1091 X AS27137,0
2019 X 8 X C1091 X AS27138,0
2019 X 8 X C1091 X AS27133,0
2019 X 9 X C1091 X AS21126,0
2019 X 9 X C1091 X AS27000,0
2019 X 9 X C1091 X AS27137,0
2019 X 9 X C1091 X AS27138,0
2019 X 9 X C1091 X AS27133,0
2019 X 7 X C2131 X AS27000,0
2019 X 7 X C2131 X AS27139,0
2019 X 7 X C2131 X AS27137,0
2019 X 7 X C2131 X AS27138,0
2019 X 7 X C2131 X AS27133,0
2019 X 8 X C2131 X AS27000,0
2019 X 8 X C2131 X AS27139,0
2019 X 8 X C2131 X AS27137,0
2019 X 8 X C2131 X AS27138,0
2019 X 8 X C2131 X AS27133,0
2019 X 9 X C2131 X AS27000,0
2019 X 9 X C2131 X AS27139,0
2019 X 9 X C2131 X AS27137,0
2019 X 9 X C2131 X AS27138,0
2019 X 9 X C2131 X AS27133,0
2019 X 7 X C5002 X AS46000,0
2019 X 7 X C5002 X AS27132,0
2019 X 7 X C5002 X AS27000,0
2019 X 7 X C5002 X AS27137,0
2019 X 7 X C5002 X AS27138,0
2019 X 7 X C5002 X AS27133,0
2019 X 8 X C5002 X AS46000,0
2019 X 8 X C5002 X AS27132,0
2019 X 8 X C5002 X AS27000,0
2019 X 8 X C5002 X AS27137,0
2019 X 8 X C5002 X AS27138,0
2019 X 8 X C5002 X AS27133,0
2019 X 9 X C5002 X AS46000,0
2019 X 9 X C5002 X AS27132,0
2019 X 9 X C5002 X AS27000,0
2019 X 9 X C5002 X AS27137,0
2019 X 9 X C5002 X AS27138,0
2019 X 9 X C5002 X AS27133,0
2019 X 7 X C2061 X AS27132,0
2019 X 7 X C2061 X AS27000,0
2019 X 7 X C2061 X AS27138,0
2019 X 7 X C2061 X AS27133,0
2019 X 7 X C2056 X AS46000,0
2019 X 7 X C2056 X AS17005,0
2019 X 7 X C2056 X AS27134,0
2019 X 7 X C2056 X AS27132,0
2019 X 7 X C2056 X AS27000,0
2019 X 7 X C2056 X AS27137,0
2019 X 7 X C2056 X AS27138,0
2019 X 7 X C2056 X AS27133,0
2019 X 8 X C2061 X AS27132,0
2019 X 8 X C2061 X AS27000,0
2019 X 8 X C2061 X AS27138,0
2019 X 8 X C2061 X AS27133,0
2019 X 8 X C2056 X AS46000,0
2019 X 8 X C2056 X AS17005,0
2019 X 8 X C2056 X AS27134,0
2019 X 8 X C2056 X AS27132,0
2019 X 8 X C2056 X AS27000,0
2019 X 8 X C2056 X AS27137,0
2019 X 8 X C2056 X AS27138,0
2019 X 8 X C2056 X AS27133,0
2019 X 9 X C2061 X AS27132,0
2019 X 9 X C2061 X AS27000,0
2019 X 9 X C2061 X AS27138,0
2019 X 9 X C2061 X AS27133,0
2019 X 9 X C2056 X AS46000,0
2019 X 9 X C2056 X AS17005,0
2019 X 9 X C2056 X AS27134,0
2019 X 9 X C2056 X AS27132,0
2019 X 9 X C2056 X AS27000,0
2019 X 9 X C2056 X AS27137,0
2019 X 9 X C2056 X AS27138,0
2019 X 9 X C2056 X AS27133,0
2019 X 7 X C1092 X AS21126,0
2019 X 7 X C1092 X AS46000,0
2019 X 7 X C1092 X AS27134,0
2019 X 7 X C1092 X AS27132,0
2019 X 7 X C1092 X AS27000,0
2019 X 7 X C1092 X AS27139,0
2019 X 7 X C1092 X AS27137,0
2019 X 7 X C1092 X AS27133,0
2019 X 8 X C1092 X AS21126,0
2019 X 8 X C1092 X AS46000,0
2019 X 8 X C1092 X AS27134,0
2019 X 8 X C1092 X AS27132,0
2019 X 8 X C1092 X AS27000,0
2019 X 8 X C1092 X AS27139,0
2019 X 8 X C1092 X AS27137,0
2019 X 8 X C1092 X AS27133,0
2019 X 9 X C1092 X AS21126,0
2019 X 9 X C1092 X AS46000,0
2019 X 9 X C1092 X AS27134,0
2019 X 9 X C1092 X AS27132,0
2019 X 9 X C1092 X AS27000,0
2019 X 9 X C1092 X AS27139,0
2019 X 9 X C1092 X AS27137,0
2019 X 9 X C1092 X AS27133,0
2019 X 7 X C3013 X AS21126,0
2019 X 7 X C3013 X AS46000,0
2019 X 7 X C3013 X AS27134,0
2019 X 7 X C3013 X AS27132,0
2019 X 7 X C3013 X AS27000,0
2019 X 7 X C3013 X AS27137,0
2019 X 7 X C3013 X AS27138,0
2019 X 7 X C3013 X AS27133,0
2019 X 8 X C3013 X AS21126,0
2019 X 8 X C3013 X AS46000,0
2019 X 8 X C3013 X AS27134,0
2019 X 8 X C3013 X AS27132,0
2019 X 8 X C3013 X AS27000,0
2019 X 8 X C3013 X AS27137,0
2019 X 8 X C3013 X AS27138,0
2019 X 8 X C3013 X AS27133,0
2019 X 9 X C3013 X AS21126,0
2019 X 9 X C3013 X AS46000,0
2019 X 9 X C3013 X AS27134,0
2019 X 9 X C3013 X AS27132,0
2019 X 9 X C3013 X AS27000,0
2019 X 9 X C3013 X AS27137,0
2019 X 9 X C3013 X AS27138,0
2019 X 9 X C3013 X AS27133,0
2019 X 7 X C3021 X AS27133,0
2019 X 7 X C3016 X AS27134,0
2019 X 7 X C3016 X AS27132,0
2019 X 7 X C3016 X AS27000,0
2019 X 7 X C3016 X AS27137,0
2019 X 7 X C3016 X AS27133,0
2019 X 7 X C3018 X AS27134,0
2019 X 7 X C3018 X AS27132,0
2019 X 7 X C3018 X AS27000,0
2019 X 7 X C3018 X AS27137,0
2019 X 7 X C3018 X AS27133,0
2019 X 7 X C3043 X AS27134,0
2019 X 7 X C3043 X AS27137,0
2019 X 7 X C3043 X AS27138,0
2019 X 7 X C3043 X AS27133,0
2019 X 7 X C2127 X AS42018,0
2019 X 7 X C2127 X AS27134,0
2019 X 7 X C2127 X AS27132,0
2019 X 7 X C2127 X AS27000,0
2019 X 7 X C2127 X AS27139,0
2019 X 7 X C2127 X AS27137,0
2019 X 7 X C2127 X AS27138,0
2019 X 7 X C2127 X AS27133,0
2019 X 8 X C3021 X AS27133,0
2019 X 8 X C3043 X AS27134,0
2019 X 8 X C3043 X AS27137,0
2019 X 8 X C3043 X AS27138,0
2019 X 8 X C3043 X AS27133,0
2019 X 8 X C3018 X AS27134,0
2019 X 8 X C3018 X AS27132,0
2019 X 8 X C3018 X AS27000,0
2019 X 8 X C3018 X AS27137,0
2019 X 8 X C3018 X AS27133,0
2019 X 8 X C2127 X AS42018,0
2019 X 8 X C2127 X AS27134,0
2019 X 8 X C2127 X AS27132,0
2019 X 8 X C2127 X AS27000,0
2019 X 8 X C2127 X AS27139,0
2019 X 8 X C2127 X AS27137,0
2019 X 8 X C2127 X AS27138,0
2019 X 8 X C2127 X AS27133,0
2019 X 8 X C3016 X AS27134,0
2019 X 8 X C3016 X AS27132,0
2019 X 8 X C3016 X AS27000,0
2019 X 8 X C3016 X AS27137,0
2019 X 8 X C3016 X AS27133,0
2019 X 9 X C3016 X AS27134,0
2019 X 9 X C3016 X AS27132,0
2019 X 9 X C3016 X AS27000,0
2019 X 9 X C3016 X AS27137,0
2019 X 9 X C3016 X AS27133,0
2019 X 9 X C3043 X AS27134,0
2019 X 9 X C3043 X AS27137,0
2019 X 9 X C3043 X AS27138,0
2019 X 9 X C3043 X AS27133,0
2019 X 9 X C3018 X AS27134,0
2019 X 9 X C3018 X AS27132,0
2019 X 9 X C3018 X AS27000,0
2019 X 9 X C3018 X AS27137,0
2019 X 9 X C3018 X AS27133,0
2019 X 9 X C2127 X AS42018,0
2019 X 9 X C2127 X AS27134,0
2019 X 9 X C2127 X AS27132,0
2019 X 9 X C2127 X AS27000,0
2019 X 9 X C2127 X AS27139,0
2019 X 9 X C2127 X AS27137,0
2019 X 9 X C2127 X AS27138,0
2019 X 9 X C2127 X AS27133,0
2019 X 9 X C3021 X AS27133,0
2019 X 7 X C5020 X AS46000,0
2019 X 7 X C5020 X AS27134,0
2019 X 7 X C5020 X AS27000,0
2019 X 7 X C5020 X AS27137,0
2019 X 7 X C5020 X AS27138,0
2019 X 7 X C5020 X AS27133,0
2019 X 8 X C5020 X AS46000,0
2019 X 8 X C5020 X AS27134,0
2019 X 8 X C5020 X AS27000,0
2019 X 8 X C5020 X AS27137,0
2019 X 8 X C5020 X AS27138,0
2019 X 8 X C5020 X AS27133,0
2019 X 9 X C5020 X AS46000,0
2019 X 9 X C5020 X AS27134,0
2019 X 9 X C5020 X AS27000,0
2019 X 9 X C5020 X AS27137,0
2019 X 9 X C5020 X AS27138,0
2019 X 9 X C5020 X AS27133,0
2019 X 7 X C1027 X AS42018,0
2019 X 7 X C1027 X AS21126,0
2019 X 7 X C1027 X AS46000,0
2019 X 7 X C1027 X AS17005,0
2019 X 7 X C1027 X AS27134,0
2019 X 7 X C1027 X AS27132,0
2019 X 7 X C1027 X AS27000,0
2019 X 7 X C1027 X AS27137,0
2019 X 7 X C1027 X AS27138,0
2019 X 7 X C1027 X AS27133,0
2019 X 7 X C1015 X AS42018,0
2019 X 7 X C1015 X AS21126,0
2019 X 7 X C1015 X AS46000,0
2019 X 7 X C1015 X AS17005,0
2019 X 7 X C1015 X AS27134,0
2019 X 7 X C1015 X AS27132,0
2019 X 7 X C1015 X AS27000,0
2019 X 7 X C1015 X AS27139,0
2019 X 7 X C1015 X AS27137,0
2019 X 7 X C1015 X AS27138,0
2019 X 7 X C1015 X AS27133,0
2019 X 7 X C1030 X AS42018,0
2019 X 7 X C1030 X AS21126,0
2019 X 7 X C1030 X AS46000,0
2019 X 7 X C1030 X AS17005,0
2019 X 7 X C1030 X AS27134,0
2019 X 7 X C1030 X AS27132,0
2019 X 7 X C1030 X AS27000,0
2019 X 7 X C1030 X AS27139,0
2019 X 7 X C1030 X AS27137,0
2019 X 7 X C1030 X AS27138,0
2019 X 7 X C1030 X AS27133,0
2019 X 7 X C1035 X AS46000,0
2019 X 7 X C1035 X AS27134,0
2019 X 7 X C1035 X AS27132,0
2019 X 7 X C1035 X AS27000,0
2019 X 7 X C1035 X AS27137,0
2019 X 7 X C1035 X AS27138,0
2019 X 7 X C1035 X AS27133,0
2019 X 7 X C1058 X AS21126,0
2019 X 7 X C1058 X AS27000,0
2019 X 7 X C1058 X AS27137,0
2019 X 7 X C1094 X AS27000,0
2019 X 7 X C1094 X AS27137,0
2019 X 7 X C1094 X AS27138,0
2019 X 7 X C1024 X AS46000,0
2019 X 7 X C1024 X AS17005,0
2019 X 7 X C1024 X AS27134,0
2019 X 7 X C1024 X AS27132,0
2019 X 7 X C1024 X AS27000,0
2019 X 7 X C1024 X AS27137,0
2019 X 7 X C1024 X AS27138,0
2019 X 7 X C1024 X AS27133,0
2019 X 7 X C1101 X AS27134,0
2019 X 7 X C1101 X AS27132,0
2019 X 7 X C1101 X AS27000,0
2019 X 7 X C1101 X AS27137,0
2019 X 7 X C1101 X AS27133,0
2019 X 7 X C1069 X AS42018,0
2019 X 7 X C1069 X AS27134,0
2019 X 7 X C1069 X AS27132,0
2019 X 7 X C1069 X AS27000,0
2019 X 7 X C1069 X AS27137,0
2019 X 7 X C1069 X AS27138,0
2019 X 7 X C1069 X AS27133,0
2019 X 8 X C1035 X AS46000,0
2019 X 8 X C1035 X AS27134,0
2019 X 8 X C1035 X AS27132,0
2019 X 8 X C1035 X AS27000,0
2019 X 8 X C1035 X AS27137,0
2019 X 8 X C1035 X AS27138,0
2019 X 8 X C1035 X AS27133,0
2019 X 8 X C1027 X AS42018,0
2019 X 8 X C1027 X AS21126,0
2019 X 8 X C1027 X AS46000,0
2019 X 8 X C1027 X AS17005,0
2019 X 8 X C1027 X AS27134,0
2019 X 8 X C1027 X AS27132,0
2019 X 8 X C1027 X AS27000,0
2019 X 8 X C1027 X AS27137,0
2019 X 8 X C1027 X AS27138,0
2019 X 8 X C1027 X AS27133,0
2019 X 8 X C1015 X AS42018,0
2019 X 8 X C1015 X AS21126,0
2019 X 8 X C1015 X AS46000,0
2019 X 8 X C1015 X AS17005,0
2019 X 8 X C1015 X AS27134,0
2019 X 8 X C1015 X AS27132,0
2019 X 8 X C1015 X AS27000,0
2019 X 8 X C1015 X AS27139,0
2019 X 8 X C1015 X AS27137,0
2019 X 8 X C1015 X AS27138,0
2019 X 8 X C1015 X AS27133,0
2019 X 8 X C1069 X AS42018,0
2019 X 8 X C1069 X AS27134,0
2019 X 8 X C1069 X AS27132,0
2019 X 8 X C1069 X AS27000,0
2019 X 8 X C1069 X AS27137,0
2019 X 8 X C1069 X AS27138,0
2019 X 8 X C1069 X AS27133,0
2019 X 8 X C1024 X AS46000,0
2019 X 8 X C1024 X AS17005,0
2019 X 8 X C1024 X AS27134,0
2019 X 8 X C1024 X AS27132,0
2019 X 8 X C1024 X AS27000,0
2019 X 8 X C1024 X AS27137,0
2019 X 8 X C1024 X AS27138,0
2019 X 8 X C1024 X AS27133,0
2019 X 8 X C1101 X AS27134,0
2019 X 8 X C1101 X AS27132,0
2019 X 8 X C1101 X AS27000,0
2019 X 8 X C1101 X AS27137,0
2019 X 8 X C1101 X AS27133,0
2019 X 8 X C1030 X AS42018,0
2019 X 8 X C1030 X AS21126,0
2019 X 8 X C1030 X AS46000,0
2019 X 8 X C1030 X AS17005,0
2019 X 8 X C1030 X AS27134,0
2019 X 8 X C1030 X AS27132,0
2019 X 8 X C1030 X AS27000,0
2019 X 8 X C1030 X AS27139,0
2019 X 8 X C1030 X AS27137,0
2019 X 8 X C1030 X AS27138,0
2019 X 8 X C1030 X AS27133,0
2019 X 8 X C1058 X AS21126,0
2019 X 8 X C1058 X AS27000,0
2019 X 8 X C1058 X AS27137,0
2019 X 8 X C1094 X AS27000,0
2019 X 8 X C1094 X AS27137,0
2019 X 8 X C1094 X AS27138,0
2019 X 9 X C1101 X AS27134,0
2019 X 9 X C1101 X AS27132,0
2019 X 9 X C1101 X AS27000,0
2019 X 9 X C1101 X AS27137,0
2019 X 9 X C1101 X AS27138,0
2019 X 9 X C1101 X AS27133,0
2019 X 9 X C1027 X AS42018,0
2019 X 9 X C1027 X AS21126,0
2019 X 9 X C1027 X AS46000,0
2019 X 9 X C1027 X AS17005,0
2019 X 9 X C1027 X AS27134,0
2019 X 9 X C1027 X AS27132,0
2019 X 9 X C1027 X AS27000,0
2019 X 9 X C1027 X AS27137,0
2019 X 9 X C1027 X AS27138,0
2019 X 9 X C1027 X AS27133,0
2019 X 9 X C1069 X AS42018,0
2019 X 9 X C1069 X AS27134,0
2019 X 9 X C1069 X AS27132,0
2019 X 9 X C1069 X AS27000,0
2019 X 9 X C1069 X AS27137,0
2019 X 9 X C1069 X AS27138,0
2019 X 9 X C1069 X AS27133,0
2019 X 9 X C1030 X AS42018,0
2019 X 9 X C1030 X AS21126,0
2019 X 9 X C1030 X AS46000,0
2019 X 9 X C1030 X AS17005,0
2019 X 9 X C1030 X AS27134,0
2019 X 9 X C1030 X AS27132,0
2019 X 9 X C1030 X AS27000,0
2019 X 9 X C1030 X AS27139,0
2019 X 9 X C1030 X AS27137,0
2019 X 9 X C1030 X AS27138,0
2019 X 9 X C1030 X AS27133,0
2019 X 9 X C1035 X AS46000,0
2019 X 9 X C1035 X AS27134,0
2019 X 9 X C1035 X AS27132,0
2019 X 9 X C1035 X AS27000,0
2019 X 9 X C1035 X AS27137,0
2019 X 9 X C1035 X AS27138,0
2019 X 9 X C1035 X AS27133,0
2019 X 9 X C1058 X AS21126,0
2019 X 9 X C1058 X AS27000,0
2019 X 9 X C1058 X AS27137,0
2019 X 9 X C1094 X AS27000,0
2019 X 9 X C1094 X AS27137,0
2019 X 9 X C1094 X AS27138,0
2019 X 9 X C1024 X AS46000,0
2019 X 9 X C1024 X AS17005,0
2019 X 9 X C1024 X AS27134,0
2019 X 9 X C1024 X AS27132,0
2019 X 9 X C1024 X AS27000,0
2019 X 9 X C1024 X AS27137,0
2019 X 9 X C1024 X AS27138,0
2019 X 9 X C1024 X AS27133,0
2019 X 9 X C1015 X AS42018,0
2019 X 9 X C1015 X AS21126,0
2019 X 9 X C1015 X AS46000,0
2019 X 9 X C1015 X AS17005,0
2019 X 9 X C1015 X AS27134,0
2019 X 9 X C1015 X AS27132,0
2019 X 9 X C1015 X AS27000,0
2019 X 9 X C1015 X AS27139,0
2019 X 9 X C1015 X AS27137,0
2019 X 9 X C1015 X AS27138,0
2019 X 9 X C1015 X AS27133,0
2019 X 7 X C2059 X AS27000,0
2019 X 7 X C2059 X AS27137,0
2019 X 7 X C2059 X AS27138,0
2019 X 7 X C2059 X AS27133,0
2019 X 8 X C2059 X AS27000,0
2019 X 8 X C2059 X AS27137,0
2019 X 8 X C2059 X AS27138,0
2019 X 8 X C2059 X AS27133,0
2019 X 9 X C2059 X AS27000,0
2019 X 9 X C2059 X AS27137,0
2019 X 9 X C2059 X AS27138,0
2019 X 9 X C2059 X AS27133,0
2019 X 7 X C5001 X AS27134,0
2019 X 7 X C5001 X AS27000,0
2019 X 7 X C5001 X AS27139,0
2019 X 7 X C5001 X AS27137,0
2019 X 7 X C5001 X AS27138,0
2019 X 7 X C5001 X AS27133,0
2019 X 8 X C5001 X AS27134,0
2019 X 8 X C5001 X AS27000,0
2019 X 8 X C5001 X AS27139,0
2019 X 8 X C5001 X AS27137,0
2019 X 8 X C5001 X AS27138,0
2019 X 8 X C5001 X AS27133,0
2019 X 9 X C5001 X AS27134,0
2019 X 9 X C5001 X AS27000,0
2019 X 9 X C5001 X AS27137,0
2019 X 9 X C5001 X AS27138,0
2019 X 9 X C5001 X AS27133,0
2019 X 7 X C3017 X AS46000,0
2019 X 7 X C3017 X AS27134,0
2019 X 7 X C3017 X AS27132,0
2019 X 7 X C3017 X AS27000,0
2019 X 7 X C3017 X AS27137,0
2019 X 7 X C3017 X AS27138,0
2019 X 7 X C3017 X AS27133,0
2019 X 8 X C3017 X AS46000,0
2019 X 8 X C3017 X AS27134,0
2019 X 8 X C3017 X AS27132,0
2019 X 8 X C3017 X AS27000,0
2019 X 8 X C3017 X AS27137,0
2019 X 8 X C3017 X AS27138,0
2019 X 8 X C3017 X AS27133,0
2019 X 9 X C3017 X AS46000,0
2019 X 9 X C3017 X AS27134,0
2019 X 9 X C3017 X AS27132,0
2019 X 9 X C3017 X AS27000,0
2019 X 9 X C3017 X AS27137,0
2019 X 9 X C3017 X AS27138,0
2019 X 9 X C3017 X AS27133,0
2019 X 7 X C4022 X AS21126,0
2019 X 7 X C4022 X AS27134,0
2019 X 7 X C4022 X AS27132,0
2019 X 7 X C4022 X AS27000,0
2019 X 7 X C4022 X AS27139,0
2019 X 7 X C4022 X AS27137,0
2019 X 7 X C4022 X AS27138,0
2019 X 7 X C4022 X AS27133,0
2019 X 8 X C4022 X AS21126,0
2019 X 8 X C4022 X AS27134,0
2019 X 8 X C4022 X AS27132,0
2019 X 8 X C4022 X AS27000,0
2019 X 8 X C4022 X AS27139,0
2019 X 8 X C4022 X AS27137,0
2019 X 8 X C4022 X AS27138,0
2019 X 8 X C4022 X AS27133,0
2019 X 9 X C4022 X AS21126,0
2019 X 9 X C4022 X AS27134,0
2019 X 9 X C4022 X AS27132,0
2019 X 9 X C4022 X AS27000,0
2019 X 9 X C4022 X AS27139,0
2019 X 9 X C4022 X AS27137,0
2019 X 9 X C4022 X AS27138,0
2019 X 9 X C4022 X AS27133,0
2019 X 7 X C5066 X AS27139,0
2019 X 7 X C5066 X AS27137,0
2019 X 7 X C5066 X AS27138,0
2019 X 7 X C5066 X AS27133,0
2019 X 8 X C5066 X AS27139,0
2019 X 8 X C5066 X AS27137,0
2019 X 8 X C5066 X AS27138,0
2019 X 8 X C5066 X AS27133,0
2019 X 9 X C5066 X AS27000,0
2019 X 9 X C5066 X AS27137,0
2019 X 9 X C5066 X AS27138,0
2019 X 9 X C5066 X AS27133,0
2019 X 7 X C4003 X AS21126,0
2019 X 7 X C4003 X AS27137,0
2019 X 7 X C4003 X AS27138,0
2019 X 7 X C4003 X AS27133,0
2019 X 8 X C4003 X AS21126,0
2019 X 8 X C4003 X AS27137,0
2019 X 8 X C4003 X AS27138,0
2019 X 8 X C4003 X AS27133,0
2019 X 9 X C4003 X AS27137,0
2019 X 9 X C4003 X AS27138,0
2019 X 9 X C4003 X AS27133,0
2019 X 7 X C3019 X AS27134,0
2019 X 7 X C3019 X AS27000,0
2019 X 7 X C3019 X AS27137,0
2019 X 7 X C3019 X AS27138,0
2019 X 7 X C3019 X AS27133,0
2019 X 7 X C3022 X AS27000,0
2019 X 7 X C3022 X AS27137,0
2019 X 7 X C3022 X AS27138,0
2019 X 7 X C3022 X AS27133,0
2019 X 8 X C3019 X AS27134,0
2019 X 8 X C3019 X AS27000,0
2019 X 8 X C3019 X AS27137,0
2019 X 8 X C3019 X AS27138,0
2019 X 8 X C3019 X AS27133,0
2019 X 8 X C3022 X AS27000,0
2019 X 8 X C3022 X AS27137,0
2019 X 8 X C3022 X AS27138,0
2019 X 8 X C3022 X AS27133,0
2019 X 9 X C3019 X AS27134,0
2019 X 9 X C3019 X AS27000,0
2019 X 9 X C3019 X AS27137,0
2019 X 9 X C3019 X AS27138,0
2019 X 9 X C3019 X AS27133,0
2019 X 9 X C3022 X AS27000,0
2019 X 9 X C3022 X AS27137,0
2019 X 9 X C3022 X AS27138,0
2019 X 9 X C3022 X AS27133,0
2019 X 7 X C5003 X AS27000,0
2019 X 7 X C5003 X AS27137,0
2019 X 7 X C5003 X AS27138,0
2019 X 7 X C5003 X AS27133,0
2019 X 7 X C5063 X AS46000,0
2019 X 7 X C5063 X AS17005,0
2019 X 7 X C5063 X AS27134,0
2019 X 7 X C5063 X AS27000,0
2019 X 7 X C5063 X AS27137,0
2019 X 7 X C5063 X AS27138,0
2019 X 7 X C5063 X AS27133,0
2019 X 8 X C5063 X AS46000,0
2019 X 8 X C5063 X AS17005,0
2019 X 8 X C5063 X AS27134,0
2019 X 8 X C5063 X AS27000,0
2019 X 8 X C5063 X AS27137,0
2019 X 8 X C5063 X AS27138,0
2019 X 8 X C5063 X AS27133,0
2019 X 8 X C5003 X AS27000,0
2019 X 8 X C5003 X AS27137,0
2019 X 8 X C5003 X AS27138,0
2019 X 8 X C5003 X AS27133,0
2019 X 9 X C5003 X AS27000,0
2019 X 9 X C5003 X AS27137,0
2019 X 9 X C5003 X AS27138,0
2019 X 9 X C5003 X AS27133,0
2019 X 9 X C5063 X AS46000,0
2019 X 9 X C5063 X AS17005,0
2019 X 9 X C5063 X AS27134,0
2019 X 9 X C5063 X AS27000,0
2019 X 9 X C5063 X AS27137,0
2019 X 9 X C5063 X AS27138,0
2019 X 9 X C5063 X AS27133,0
2019 X 7 X C3020 X AS42018,0
2019 X 7 X C3020 X AS27134,0
2019 X 7 X C3020 X AS27132,0
2019 X 7 X C3020 X AS27000,0
2019 X 7 X C3020 X AS27139,0
2019 X 7 X C3020 X AS27137,0
2019 X 7 X C3020 X AS27138,0
2019 X 7 X C3020 X AS27133,0
2019 X 7 X C3001 X AS21126,0
2019 X 7 X C3001 X AS27134,0
2019 X 7 X C3001 X AS27132,0
2019 X 7 X C3001 X AS27000,0
2019 X 7 X C3001 X AS27139,0
2019 X 7 X C3001 X AS27137,0
2019 X 7 X C3001 X AS27138,0
2019 X 7 X C3001 X AS27133,0
2019 X 8 X C3001 X AS21126,0
2019 X 8 X C3001 X AS27134,0
2019 X 8 X C3001 X AS27132,0
2019 X 8 X C3001 X AS27000,0
2019 X 8 X C3001 X AS27139,0
2019 X 8 X C3001 X AS27137,0
2019 X 8 X C3001 X AS27138,0
2019 X 8 X C3001 X AS27133,0
2019 X 8 X C3020 X AS42018,0
2019 X 8 X C3020 X AS27134,0
2019 X 8 X C3020 X AS27132,0
2019 X 8 X C3020 X AS27000,0
2019 X 8 X C3020 X AS27139,0
2019 X 8 X C3020 X AS27137,0
2019 X 8 X C3020 X AS27138,0
2019 X 8 X C3020 X AS27133,0
2019 X 9 X C3020 X AS21126,0
2019 X 9 X C3020 X AS42018,0
2019 X 9 X C3020 X AS27134,0
2019 X 9 X C3020 X AS27132,0
2019 X 9 X C3020 X AS27000,0
2019 X 9 X C3020 X AS27139,0
2019 X 9 X C3020 X AS27137,0
2019 X 9 X C3020 X AS27138,0
2019 X 9 X C3020 X AS27133,0
2019 X 9 X C3001 X AS21126,0
2019 X 9 X C3001 X AS27134,0
2019 X 9 X C3001 X AS27132,0
2019 X 9 X C3001 X AS27000,0
2019 X 9 X C3001 X AS27139,0
2019 X 9 X C3001 X AS27137,0
2019 X 9 X C3001 X AS27138,0
2019 X 9 X C3001 X AS27133,0
2019 X 7 X C2060 X AS46000,0
2019 X 7 X C2060 X AS27134,0
2019 X 7 X C2060 X AS27132,0
2019 X 7 X C2060 X AS27000,0
2019 X 7 X C2060 X AS27139,0
2019 X 7 X C2060 X AS27138,0
2019 X 7 X C2060 X AS27133,0
2019 X 8 X C2060 X AS46000,0
2019 X 8 X C2060 X AS27134,0
2019 X 8 X C2060 X AS27132,0
2019 X 8 X C2060 X AS27000,0
2019 X 8 X C2060 X AS27139,0
2019 X 8 X C2060 X AS27138,0
2019 X 8 X C2060 X AS27133,0
2019 X 9 X C2060 X AS46000,0
2019 X 9 X C2060 X AS27134,0
2019 X 9 X C2060 X AS27132,0
2019 X 9 X C2060 X AS27000,0
2019 X 9 X C2060 X AS27139,0
2019 X 9 X C2060 X AS27138,0
2019 X 9 X C2060 X AS27133,0
2019 X 7 X C4025 X AS21126,0
2019 X 7 X C4025 X AS27134,0
2019 X 7 X C4025 X AS27132,0
2019 X 7 X C4025 X AS27000,0
2019 X 7 X C4025 X AS27137,0
2019 X 7 X C4025 X AS27138,0
2019 X 7 X C4025 X AS27133,0
2019 X 8 X C4025 X AS21126,0
2019 X 8 X C4025 X AS27000,0
2019 X 8 X C4025 X AS27137,0
2019 X 8 X C4025 X AS27138,0
2019 X 8 X C4025 X AS27133,0
2019 X 9 X C4025 X AS21126,0
2019 X 9 X C4025 X AS27000,0
2019 X 9 X C4025 X AS27137,0
2019 X 9 X C4025 X AS27138,0
2019 X 9 X C4025 X AS27133,0
2019 X 7 X C2062 X AS42018,0
2019 X 7 X C2062 X AS27134,0
2019 X 7 X C2062 X AS27132,0
2019 X 7 X C2062 X AS27000,0
2019 X 7 X C2062 X AS27139,0
2019 X 7 X C2062 X AS27137,0
2019 X 7 X C2062 X AS27138,0
2019 X 7 X C2062 X AS27133,0
2019 X 8 X C2062 X AS42018,0
2019 X 8 X C2062 X AS27134,0
2019 X 8 X C2062 X AS27132,0
2019 X 8 X C2062 X AS27000,0
2019 X 8 X C2062 X AS27139,0
2019 X 8 X C2062 X AS27137,0
2019 X 8 X C2062 X AS27138,0
2019 X 8 X C2062 X AS27133,0
2019 X 9 X C2062 X AS42018,0
2019 X 9 X C2062 X AS27134,0
2019 X 9 X C2062 X AS27132,0
2019 X 9 X C2062 X AS27000,0
2019 X 9 X C2062 X AS27139,0
2019 X 9 X C2062 X AS27137,0
2019 X 9 X C2062 X AS27138,0
2019 X 9 X C2062 X AS27133,0
2019 X 7 X C2214 X AS27000,0
2019 X 7 X C2214 X AS27138,0
2019 X 7 X C2214 X AS27133,0
2019 X 7 X C2007 X AS21126,0
2019 X 7 X C2007 X AS27134,0
2019 X 7 X C2007 X AS27132,0
2019 X 7 X C2007 X AS27000,0
2019 X 7 X C2007 X AS27137,0
2019 X 7 X C2007 X AS27138,0
2019 X 7 X C2007 X AS27133,0
2019 X 8 X C2214 X AS27000,0
2019 X 8 X C2214 X AS27138,0
2019 X 8 X C2214 X AS27133,0
2019 X 8 X C2007 X AS21126,0
2019 X 8 X C2007 X AS27134,0
2019 X 8 X C2007 X AS27132,0
2019 X 8 X C2007 X AS27000,0
2019 X 8 X C2007 X AS27137,0
2019 X 8 X C2007 X AS27138,0
2019 X 8 X C2007 X AS27133,0
2019 X 9 X C2214 X AS27000,0
2019 X 9 X C2214 X AS27138,0
2019 X 9 X C2214 X AS27133,0
2019 X 9 X C2007 X AS21126,0
2019 X 9 X C2007 X AS27134,0
2019 X 9 X C2007 X AS27132,0
2019 X 9 X C2007 X AS27000,0
2019 X 9 X C2007 X AS27137,0
2019 X 9 X C2007 X AS27138,0
2019 X 9 X C2007 X AS27133,0
2019 X 7 X C1095 X AS21126,0
2019 X 7 X C1095 X AS27134,0
2019 X 7 X C1095 X AS27132,0
2019 X 7 X C1095 X AS27000,0
2019 X 7 X C1095 X AS27137,0
2019 X 7 X C1095 X AS27138,0
2019 X 7 X C1095 X AS27133,0
2019 X 8 X C1095 X AS21126,0
2019 X 8 X C1095 X AS27134,0
2019 X 8 X C1095 X AS27132,0
2019 X 8 X C1095 X AS27000,0
2019 X 8 X C1095 X AS27137,0
2019 X 8 X C1095 X AS27138,0
2019 X 8 X C1095 X AS27133,0
2019 X 9 X C1095 X AS21126,0
2019 X 9 X C1095 X AS27134,0
2019 X 9 X C1095 X AS27132,0
2019 X 9 X C1095 X AS27000,0
2019 X 9 X C1095 X AS27137,0
2019 X 9 X C1095 X AS27138,0
2019 X 9 X C1095 X AS27133,0
2019 X 7 X C2041 X AS27132,0
2019 X 7 X C2041 X AS27000,0
2019 X 7 X C2041 X AS27137,0
2019 X 7 X C2041 X AS27138,0
2019 X 7 X C2041 X AS27133,0
2019 X 7 X C2008 X AS46000,0
2019 X 7 X C2008 X AS27132,0
2019 X 7 X C2008 X AS27000,0
2019 X 7 X C2008 X AS27137,0
2019 X 7 X C2008 X AS27138,0
2019 X 7 X C2008 X AS27133,0
2019 X 8 X C2008 X AS46000,0
2019 X 8 X C2008 X AS27132,0
2019 X 8 X C2008 X AS27000,0
2019 X 8 X C2008 X AS27137,0
2019 X 8 X C2008 X AS27138,0
2019 X 8 X C2008 X AS27133,0
2019 X 8 X C2041 X AS27132,0
2019 X 8 X C2041 X AS27000,0
2019 X 8 X C2041 X AS27137,0
2019 X 8 X C2041 X AS27138,0
2019 X 8 X C2041 X AS27133,0
2019 X 9 X C2008 X AS46000,0
2019 X 9 X C2008 X AS27132,0
2019 X 9 X C2008 X AS27000,0
2019 X 9 X C2008 X AS27137,0
2019 X 9 X C2008 X AS27138,0
2019 X 9 X C2008 X AS27133,0
2019 X 9 X C2041 X AS27132,0
2019 X 9 X C2041 X AS27000,0
2019 X 9 X C2041 X AS27137,0
2019 X 9 X C2041 X AS27138,0
2019 X 9 X C2041 X AS27133,0
2019 X 7 X C1098 X AS27134,0
2019 X 7 X C1098 X AS27132,0
2019 X 7 X C1098 X AS27000,0
2019 X 7 X C1098 X AS27139,0
2019 X 7 X C1098 X AS27137,0
2019 X 7 X C1098 X AS27138,0
2019 X 7 X C1098 X AS27133,0
2019 X 8 X C1098 X AS27134,0
2019 X 8 X C1098 X AS27132,0
2019 X 8 X C1098 X AS27000,0
2019 X 8 X C1098 X AS27139,0
2019 X 8 X C1098 X AS27137,0
2019 X 8 X C1098 X AS27138,0
2019 X 8 X C1098 X AS27133,0
2019 X 9 X C1098 X AS27134,0
2019 X 9 X C1098 X AS27132,0
2019 X 9 X C1098 X AS27000,0
2019 X 9 X C1098 X AS27139,0
2019 X 9 X C1098 X AS27137,0
2019 X 9 X C1098 X AS27138,0
2019 X 9 X C1098 X AS27133,0
2019 X 7 X C2063 X AS27134,0
2019 X 7 X C2063 X AS27132,0
2019 X 7 X C2063 X AS27000,0
2019 X 7 X C2063 X AS27137,0
2019 X 7 X C2063 X AS27138,0
2019 X 7 X C2063 X AS27133,0
2019 X 8 X C2063 X AS27134,0
2019 X 8 X C2063 X AS27132,0
2019 X 8 X C2063 X AS27000,0
2019 X 8 X C2063 X AS27137,0
2019 X 8 X C2063 X AS27138,0
2019 X 8 X C2063 X AS27133,0
2019 X 9 X C2063 X AS27134,0
2019 X 9 X C2063 X AS27132,0
2019 X 9 X C2063 X AS27000,0
2019 X 9 X C2063 X AS27137,0
2019 X 9 X C2063 X AS27138,0
2019 X 9 X C2063 X AS27133,0
2019 X 7 X C2015 X AS21126,0
2019 X 7 X C2015 X AS27134,0
2019 X 7 X C2015 X AS27000,0
2019 X 7 X C2015 X AS27139,0
2019 X 7 X C2015 X AS27137,0
2019 X 7 X C2015 X AS27138,0
2019 X 7 X C2015 X AS27133,0
2019 X 7 X C2064 X AS46000,0
2019 X 7 X C2064 X AS27134,0
2019 X 7 X C2064 X AS27132,0
2019 X 7 X C2064 X AS27000,0
2019 X 7 X C2064 X AS27139,0
2019 X 7 X C2064 X AS27137,0
2019 X 7 X C2064 X AS27138,0
2019 X 7 X C2064 X AS27133,0
2019 X 7 X C1411 X AS42018,0
2019 X 7 X C1411 X AS21126,0
2019 X 7 X C1411 X AS27134,0
2019 X 7 X C1411 X AS27132,0
2019 X 7 X C1411 X AS27000,0
2019 X 7 X C1411 X AS27139,0
2019 X 7 X C1411 X AS27137,0
2019 X 7 X C1411 X AS27138,0
2019 X 7 X C1411 X AS27133,0
2019 X 7 X C2050 X AS27134,0
2019 X 7 X C2050 X AS27132,0
2019 X 7 X C2050 X AS27000,0
2019 X 7 X C2050 X AS27137,0
2019 X 7 X C2050 X AS27138,0
2019 X 7 X C2050 X AS27133,0
2019 X 8 X C2015 X AS21126,0
2019 X 8 X C2015 X AS27134,0
2019 X 8 X C2015 X AS27000,0
2019 X 8 X C2015 X AS27139,0
2019 X 8 X C2015 X AS27137,0
2019 X 8 X C2015 X AS27138,0
2019 X 8 X C2015 X AS27133,0
2019 X 8 X C2064 X AS46000,0
2019 X 8 X C2064 X AS27134,0
2019 X 8 X C2064 X AS27132,0
2019 X 8 X C2064 X AS27000,0
2019 X 8 X C2064 X AS27139,0
2019 X 8 X C2064 X AS27137,0
2019 X 8 X C2064 X AS27138,0
2019 X 8 X C2064 X AS27133,0
2019 X 8 X C1411 X AS21126,0
2019 X 8 X C1411 X AS42018,0
2019 X 8 X C1411 X AS27134,0
2019 X 8 X C1411 X AS27132,0
2019 X 8 X C1411 X AS27000,0
2019 X 8 X C1411 X AS27139,0
2019 X 8 X C1411 X AS27137,0
2019 X 8 X C1411 X AS27138,0
2019 X 8 X C1411 X AS27133,0
2019 X 8 X C2050 X AS27134,0
2019 X 8 X C2050 X AS27132,0
2019 X 8 X C2050 X AS27000,0
2019 X 8 X C2050 X AS27137,0
2019 X 8 X C2050 X AS27138,0
2019 X 8 X C2050 X AS27133,0
2019 X 9 X C2050 X AS27134,0
2019 X 9 X C2050 X AS27132,0
2019 X 9 X C2050 X AS27000,0
2019 X 9 X C2050 X AS27137,0
2019 X 9 X C2050 X AS27138,0
2019 X 9 X C2050 X AS27133,0
2019 X 9 X C2015 X AS21126,0
2019 X 9 X C2015 X AS27134,0
2019 X 9 X C2015 X AS27000,0
2019 X 9 X C2015 X AS27139,0
2019 X 9 X C2015 X AS27137,0
2019 X 9 X C2015 X AS27138,0
2019 X 9 X C2015 X AS27133,0
2019 X 9 X C2064 X AS46000,0
2019 X 9 X C2064 X AS27134,0
2019 X 9 X C2064 X AS27132,0
2019 X 9 X C2064 X AS27000,0
2019 X 9 X C2064 X AS27139,0
2019 X 9 X C2064 X AS27137,0
2019 X 9 X C2064 X AS27138,0
2019 X 9 X C2064 X AS27133,0
2019 X 9 X C1411 X AS42018,0
2019 X 9 X C1411 X AS21126,0
2019 X 9 X C1411 X AS27134,0
2019 X 9 X C1411 X AS27132,0
2019 X 9 X C1411 X AS27000,0
2019 X 9 X C1411 X AS27139,0
2019 X 9 X C1411 X AS27137,0
2019 X 9 X C1411 X AS27138,0
2019 X 9 X C1411 X AS27133,0
2019 X 7 X C2066 X AS21126,0
2019 X 7 X C2066 X AS46000,0
2019 X 7 X C2066 X AS27134,0
2019 X 7 X C2066 X AS27000,0
2019 X 7 X C2066 X AS27139,0
2019 X 7 X C2066 X AS27137,0
2019 X 7 X C2066 X AS27138,0
2019 X 7 X C2066 X AS27133,0
2019 X 8 X C2066 X AS21126,0
2019 X 8 X C2066 X AS46000,0
2019 X 8 X C2066 X AS27134,0
2019 X 8 X C2066 X AS27000,0
2019 X 8 X C2066 X AS27139,0
2019 X 8 X C2066 X AS27137,0
2019 X 8 X C2066 X AS27138,0
2019 X 8 X C2066 X AS27133,0
2019 X 9 X C2066 X AS21126,0
2019 X 9 X C2066 X AS46000,0
2019 X 9 X C2066 X AS27134,0
2019 X 9 X C2066 X AS27000,0
2019 X 9 X C2066 X AS27139,0
2019 X 9 X C2066 X AS27137,0
2019 X 9 X C2066 X AS27138,0
2019 X 9 X C2066 X AS27133,0
2019 X 7 X C4021 X AS21126,0
2019 X 7 X C4021 X AS42018,0
2019 X 7 X C4021 X AS46000,0
2019 X 7 X C4021 X AS17005,0
2019 X 7 X C4021 X AS27134,0
2019 X 7 X C4021 X AS27132,0
2019 X 7 X C4021 X AS27000,0
2019 X 7 X C4021 X AS27139,0
2019 X 7 X C4021 X AS27137,0
2019 X 7 X C4021 X AS27138,0
2019 X 7 X C4021 X AS27133,0
2019 X 7 X C2168 X AS21126,0
2019 X 7 X C2168 X AS42018,0
2019 X 7 X C2168 X AS46000,0
2019 X 7 X C2168 X AS17005,0
2019 X 7 X C2168 X AS27134,0
2019 X 7 X C2168 X AS27132,0
2019 X 7 X C2168 X AS27000,0
2019 X 7 X C2168 X AS27139,0
2019 X 7 X C2168 X AS27137,0
2019 X 7 X C2168 X AS27138,0
2019 X 7 X C2168 X AS27133,0
2019 X 7 X C4020 X AS21126,0
2019 X 7 X C4020 X AS27134,0
2019 X 7 X C4020 X AS27132,0
2019 X 7 X C4020 X AS27000,0
2019 X 7 X C4020 X AS27138,0
2019 X 7 X C4020 X AS27133,0
2019 X 7 X C4026 X AS46000,0
2019 X 7 X C4026 X AS27134,0
2019 X 7 X C4026 X AS27132,0
2019 X 7 X C4026 X AS27000,0
2019 X 7 X C4026 X AS27137,0
2019 X 7 X C4026 X AS27138,0
2019 X 7 X C4026 X AS27133,0
2019 X 8 X C4020 X AS21126,0
2019 X 8 X C4020 X AS27134,0
2019 X 8 X C4020 X AS27132,0
2019 X 8 X C4020 X AS27000,0
2019 X 8 X C4020 X AS27138,0
2019 X 8 X C4020 X AS27133,0
2019 X 8 X C4021 X AS21126,0
2019 X 8 X C4021 X AS42018,0
2019 X 8 X C4021 X AS46000,0
2019 X 8 X C4021 X AS17005,0
2019 X 8 X C4021 X AS27134,0
2019 X 8 X C4021 X AS27132,0
2019 X 8 X C4021 X AS27000,0
2019 X 8 X C4021 X AS27139,0
2019 X 8 X C4021 X AS27137,0
2019 X 8 X C4021 X AS27138,0
2019 X 8 X C4021 X AS27133,0
2019 X 8 X C2168 X AS21126,0
2019 X 8 X C2168 X AS42018,0
2019 X 8 X C2168 X AS46000,0
2019 X 8 X C2168 X AS17005,0
2019 X 8 X C2168 X AS27134,0
2019 X 8 X C2168 X AS27132,0
2019 X 8 X C2168 X AS27000,0
2019 X 8 X C2168 X AS27139,0
2019 X 8 X C2168 X AS27137,0
2019 X 8 X C2168 X AS27138,0
2019 X 8 X C2168 X AS27133,0
2019 X 8 X C4026 X AS46000,0
2019 X 8 X C4026 X AS27134,0
2019 X 8 X C4026 X AS27132,0
2019 X 8 X C4026 X AS27000,0
2019 X 8 X C4026 X AS27137,0
2019 X 8 X C4026 X AS27138,0
2019 X 8 X C4026 X AS27133,0
2019 X 9 X C2168 X AS42018,0
2019 X 9 X C2168 X AS21126,0
2019 X 9 X C2168 X AS46000,0
2019 X 9 X C2168 X AS17005,0
2019 X 9 X C2168 X AS27134,0
2019 X 9 X C2168 X AS27132,0
2019 X 9 X C2168 X AS27000,0
2019 X 9 X C2168 X AS27139,0
2019 X 9 X C2168 X AS27137,0
2019 X 9 X C2168 X AS27138,0
2019 X 9 X C2168 X AS27133,0
2019 X 9 X C4026 X AS46000,0
2019 X 9 X C4026 X AS27134,0
2019 X 9 X C4026 X AS27132,0
2019 X 9 X C4026 X AS27000,0
2019 X 9 X C4026 X AS27137,0
2019 X 9 X C4026 X AS27138,0
2019 X 9 X C4026 X AS27133,0
2019 X 9 X C4020 X AS27134,0
2019 X 9 X C4020 X AS27132,0
2019 X 9 X C4020 X AS27000,0
2019 X 9 X C4020 X AS27138,0
2019 X 9 X C4020 X AS27133,0
2019 X 9 X C4021 X AS21126,0
2019 X 9 X C4021 X AS42018,0
2019 X 9 X C4021 X AS46000,0
2019 X 9 X C4021 X AS17005,0
2019 X 9 X C4021 X AS27134,0
2019 X 9 X C4021 X AS27132,0
2019 X 9 X C4021 X AS27000,0
2019 X 9 X C4021 X AS27139,0
2019 X 9 X C4021 X AS27137,0
2019 X 9 X C4021 X AS27138,0
2019 X 9 X C4021 X AS27133,0
2019 X 7 X C3023 X AS42018,0
2019 X 7 X C3023 X AS46000,0
2019 X 7 X C3023 X AS27134,0
2019 X 7 X C3023 X AS27132,0
2019 X 7 X C3023 X AS27000,0
2019 X 7 X C3023 X AS27137,0
2019 X 7 X C3023 X AS27138,0
2019 X 7 X C3023 X AS27133,0
2019 X 8 X C3023 X AS42018,0
2019 X 8 X C3023 X AS46000,0
2019 X 8 X C3023 X AS27134,0
2019 X 8 X C3023 X AS27132,0
2019 X 8 X C3023 X AS27000,0
2019 X 8 X C3023 X AS27137,0
2019 X 8 X C3023 X AS27138,0
2019 X 8 X C3023 X AS27133,0
2019 X 9 X C3023 X AS42018,0
2019 X 9 X C3023 X AS46000,0
2019 X 9 X C3023 X AS27134,0
2019 X 9 X C3023 X AS27132,0
2019 X 9 X C3023 X AS27000,0
2019 X 9 X C3023 X AS27137,0
2019 X 9 X C3023 X AS27138,0
2019 X 9 X C3023 X AS27133,0
2019 X 7 X C1701 X AS21126,0
2019 X 7 X C1701 X AS27139,0
2019 X 7 X C1701 X AS27138,0
2019 X 7 X C1701 X AS27133,0
2019 X 7 X C1112 X AS42018,0
2019 X 7 X C1112 X AS21126,0
2019 X 7 X C1112 X AS46000,0
2019 X 7 X C1112 X AS17005,0
2019 X 7 X C1112 X AS27134,0
2019 X 7 X C1112 X AS27132,0
2019 X 7 X C1112 X AS27000,0
2019 X 7 X C1112 X AS27139,0
2019 X 7 X C1112 X AS27137,0
2019 X 7 X C1112 X AS27138,0
2019 X 7 X C1112 X AS27133,0
2019 X 7 X C2065 X AS21126,0
2019 X 7 X C2065 X AS46000,0
2019 X 7 X C2065 X AS17005,0
2019 X 7 X C2065 X AS27134,0
2019 X 7 X C2065 X AS27132,0
2019 X 7 X C2065 X AS27000,0
2019 X 7 X C2065 X AS27139,0
2019 X 7 X C2065 X AS27137,0
2019 X 7 X C2065 X AS27138,0
2019 X 7 X C2065 X AS27133,0
2019 X 7 X C1009 X AS27132,0
2019 X 7 X C1009 X AS27000,0
2019 X 7 X C1009 X AS27139,0
2019 X 7 X C1009 X AS27137,0
2019 X 7 X C1009 X AS27138,0
2019 X 7 X C1009 X AS27133,0
2019 X 8 X C2065 X AS21126,0
2019 X 8 X C2065 X AS46000,0
2019 X 8 X C2065 X AS17005,0
2019 X 8 X C2065 X AS27134,0
2019 X 8 X C2065 X AS27132,0
2019 X 8 X C2065 X AS27000,0
2019 X 8 X C2065 X AS27139,0
2019 X 8 X C2065 X AS27137,0
2019 X 8 X C2065 X AS27138,0
2019 X 8 X C2065 X AS27133,0
2019 X 8 X C1701 X AS21126,0
2019 X 8 X C1701 X AS27139,0
2019 X 8 X C1701 X AS27138,0
2019 X 8 X C1701 X AS27133,0
2019 X 8 X C1009 X AS27000,0
2019 X 8 X C1009 X AS27137,0
2019 X 8 X C1009 X AS27138,0
2019 X 8 X C1009 X AS27133,0
2019 X 8 X C1112 X AS42018,0
2019 X 8 X C1112 X AS21126,0
2019 X 8 X C1112 X AS46000,0
2019 X 8 X C1112 X AS17005,0
2019 X 8 X C1112 X AS27134,0
2019 X 8 X C1112 X AS27132,0
2019 X 8 X C1112 X AS27000,0
2019 X 8 X C1112 X AS27139,0
2019 X 8 X C1112 X AS27137,0
2019 X 8 X C1112 X AS27138,0
2019 X 8 X C1112 X AS27133,0
2019 X 9 X C1701 X AS21126,0
2019 X 9 X C1701 X AS27139,0
2019 X 9 X C1701 X AS27138,0
2019 X 9 X C1701 X AS27133,0
2019 X 9 X C1009 X AS27132,0
2019 X 9 X C1009 X AS27000,0
2019 X 9 X C1009 X AS27137,0
2019 X 9 X C1009 X AS27138,0
2019 X 9 X C1009 X AS27133,0
2019 X 9 X C1112 X AS42018,0
2019 X 9 X C1112 X AS21126,0
2019 X 9 X C1112 X AS46000,0
2019 X 9 X C1112 X AS17005,0
2019 X 9 X C1112 X AS27134,0
2019 X 9 X C1112 X AS27132,0
2019 X 9 X C1112 X AS27000,0
2019 X 9 X C1112 X AS27139,0
2019 X 9 X C1112 X AS27137,0
2019 X 9 X C1112 X AS27138,0
2019 X 9 X C1112 X AS27133,0
2019 X 9 X C2065 X AS21126,0
2019 X 9 X C2065 X AS46000,0
2019 X 9 X C2065 X AS17005,0
2019 X 9 X C2065 X AS27134,0
2019 X 9 X C2065 X AS27132,0
2019 X 9 X C2065 X AS27000,0
2019 X 9 X C2065 X AS27139,0
2019 X 9 X C2065 X AS27137,0
2019 X 9 X C2065 X AS27138,0
2019 X 9 X C2065 X AS27133,0
2019 X 7 X C2068 X AS27134,0
2019 X 7 X C2068 X AS27000,0
2019 X 7 X C2068 X AS27139,0
2019 X 7 X C2068 X AS27137,0
2019 X 7 X C2068 X AS27138,0
2019 X 7 X C2068 X AS27133,0
2019 X 8 X C2068 X AS27134,0
2019 X 8 X C2068 X AS27000,0
2019 X 8 X C2068 X AS27137,0
2019 X 8 X C2068 X AS27138,0
2019 X 8 X C2068 X AS27133,0
2019 X 9 X C2068 X AS27134,0
2019 X 9 X C2068 X AS27000,0
2019 X 9 X C2068 X AS27137,0
2019 X 9 X C2068 X AS27138,0
2019 X 9 X C2068 X AS27133,0
2019 X 7 X C5004 X AS42018,0
2019 X 7 X C5004 X AS21126,0
2019 X 7 X C5004 X AS27132,0
2019 X 7 X C5004 X AS27000,0
2019 X 7 X C5004 X AS27139,0
2019 X 7 X C5004 X AS27137,0
2019 X 7 X C5004 X AS27138,0
2019 X 7 X C5004 X AS27133,0
2019 X 8 X C5004 X AS21126,0
2019 X 8 X C5004 X AS42018,0
2019 X 8 X C5004 X AS27132,0
2019 X 8 X C5004 X AS27000,0
2019 X 8 X C5004 X AS27139,0
2019 X 8 X C5004 X AS27137,0
2019 X 8 X C5004 X AS27138,0
2019 X 8 X C5004 X AS27133,0
2019 X 9 X C5004 X AS42018,0
2019 X 9 X C5004 X AS21126,0
2019 X 9 X C5004 X AS27132,0
2019 X 9 X C5004 X AS27000,0
2019 X 9 X C5004 X AS27139,0
2019 X 9 X C5004 X AS27137,0
2019 X 9 X C5004 X AS27138,0
2019 X 9 X C5004 X AS27133,0
2019 X 7 X C5021 X AS27134,0
2019 X 7 X C5021 X AS27000,0
2019 X 7 X C5021 X AS27137,0
2019 X 7 X C5021 X AS27138,0
2019 X 7 X C5021 X AS27133,0
2019 X 8 X C5021 X AS27134,0
2019 X 8 X C5021 X AS27000,0
2019 X 8 X C5021 X AS27137,0
2019 X 8 X C5021 X AS27138,0
2019 X 8 X C5021 X AS27133,0
2019 X 9 X C5021 X AS27134,0
2019 X 9 X C5021 X AS27000,0
2019 X 9 X C5021 X AS27137,0
2019 X 9 X C5021 X AS27138,0
2019 X 9 X C5021 X AS27133,0
2019 X 7 X C2069 X AS27134,0
2019 X 7 X C2069 X AS27132,0
2019 X 7 X C2069 X AS27000,0
2019 X 7 X C2069 X AS27139,0
2019 X 7 X C2069 X AS27137,0
2019 X 7 X C2069 X AS27138,0
2019 X 7 X C2069 X AS27133,0
2019 X 7 X C2052 X AS27134,0
2019 X 7 X C2052 X AS27132,0
2019 X 7 X C2052 X AS27000,0
2019 X 7 X C2052 X AS27133,0
2019 X 7 X C2057 X AS27134,0
2019 X 7 X C2057 X AS27132,0
2019 X 7 X C2057 X AS27000,0
2019 X 7 X C2057 X AS27138,0
2019 X 7 X C2057 X AS27133,0
2019 X 8 X C2069 X AS27134,0
2019 X 8 X C2069 X AS27132,0
2019 X 8 X C2069 X AS27000,0
2019 X 8 X C2069 X AS27139,0
2019 X 8 X C2069 X AS27137,0
2019 X 8 X C2069 X AS27138,0
2019 X 8 X C2069 X AS27133,0
2019 X 8 X C2052 X AS27134,0
2019 X 8 X C2052 X AS27132,0
2019 X 8 X C2052 X AS27000,0
2019 X 8 X C2052 X AS27133,0
2019 X 8 X C2057 X AS27134,0
2019 X 8 X C2057 X AS27132,0
2019 X 8 X C2057 X AS27000,0
2019 X 8 X C2057 X AS27138,0
2019 X 8 X C2057 X AS27133,0
2019 X 9 X C2052 X AS27134,0
2019 X 9 X C2052 X AS27132,0
2019 X 9 X C2052 X AS27000,0
2019 X 9 X C2052 X AS27133,0
2019 X 9 X C2069 X AS27134,0
2019 X 9 X C2069 X AS27132,0
2019 X 9 X C2069 X AS27000,0
2019 X 9 X C2069 X AS27139,0
2019 X 9 X C2069 X AS27137,0
2019 X 9 X C2069 X AS27138,0
2019 X 9 X C2069 X AS27133,0
2019 X 9 X C2057 X AS27134,0
2019 X 9 X C2057 X AS27132,0
2019 X 9 X C2057 X AS27000,0
2019 X 9 X C2057 X AS27138,0
2019 X 9 X C2057 X AS27133,0
2019 X 7 X C1072 X AS21126,0
2019 X 7 X C1072 X AS27134,0
2019 X 7 X C1072 X AS27132,0
2019 X 7 X C1072 X AS27000,0
2019 X 7 X C1072 X AS27139,0
2019 X 7 X C1072 X AS27137,0
2019 X 7 X C1072 X AS27138,0
2019 X 7 X C1072 X AS27133,0
2019 X 7 X C1061 X AS42018,0
2019 X 7 X C1061 X AS21126,0
2019 X 7 X C1061 X AS27134,0
2019 X 7 X C1061 X AS27132,0
2019 X 7 X C1061 X AS27000,0
2019 X 7 X C1061 X AS27137,0
2019 X 7 X C1061 X AS27138,0
2019 X 7 X C1061 X AS27133,0
2019 X 8 X C1061 X AS42018,0
2019 X 8 X C1061 X AS21126,0
2019 X 8 X C1061 X AS27134,0
2019 X 8 X C1061 X AS27132,0
2019 X 8 X C1061 X AS27000,0
2019 X 8 X C1061 X AS27137,0
2019 X 8 X C1061 X AS27138,0
2019 X 8 X C1061 X AS27133,0
2019 X 8 X C1072 X AS21126,0
2019 X 8 X C1072 X AS27134,0
2019 X 8 X C1072 X AS27132,0
2019 X 8 X C1072 X AS27000,0
2019 X 8 X C1072 X AS27139,0
2019 X 8 X C1072 X AS27137,0
2019 X 8 X C1072 X AS27138,0
2019 X 8 X C1072 X AS27133,0
2019 X 9 X C1061 X AS21126,0
2019 X 9 X C1061 X AS42018,0
2019 X 9 X C1061 X AS27134,0
2019 X 9 X C1061 X AS27132,0
2019 X 9 X C1061 X AS27000,0
2019 X 9 X C1061 X AS27137,0
2019 X 9 X C1061 X AS27138,0
2019 X 9 X C1061 X AS27133,0
2019 X 9 X C1072 X AS21126,0
2019 X 9 X C1072 X AS27134,0
2019 X 9 X C1072 X AS27132,0
2019 X 9 X C1072 X AS27000,0
2019 X 9 X C1072 X AS27139,0
2019 X 9 X C1072 X AS27137,0
2019 X 9 X C1072 X AS27138,0
2019 X 9 X C1072 X AS27133,0
2019 X 7 X C2070 X AS46000,0
2019 X 7 X C2070 X AS27134,0
2019 X 7 X C2070 X AS27132,0
2019 X 7 X C2070 X AS27000,0
2019 X 7 X C2070 X AS27137,0
2019 X 7 X C2070 X AS27138,0
2019 X 7 X C2070 X AS27133,0
2019 X 8 X C2070 X AS46000,0
2019 X 8 X C2070 X AS27134,0
2019 X 8 X C2070 X AS27132,0
2019 X 8 X C2070 X AS27000,0
2019 X 8 X C2070 X AS27137,0
2019 X 8 X C2070 X AS27138,0
2019 X 8 X C2070 X AS27133,0
2019 X 9 X C2070 X AS46000,0
2019 X 9 X C2070 X AS27134,0
2019 X 9 X C2070 X AS27132,0
2019 X 9 X C2070 X AS27000,0
2019 X 9 X C2070 X AS27137,0
2019 X 9 X C2070 X AS27138,0
2019 X 9 X C2070 X AS27133,0
2019 X 7 X C2009 X AS17005,0
2019 X 7 X C2009 X AS27132,0
2019 X 7 X C2009 X AS27000,0
2019 X 7 X C2009 X AS27138,0
2019 X 7 X C2009 X AS27133,0
2019 X 8 X C2009 X AS17005,0
2019 X 8 X C2009 X AS27132,0
2019 X 8 X C2009 X AS27000,0
2019 X 8 X C2009 X AS27138,0
2019 X 8 X C2009 X AS27133,0
2019 X 9 X C2009 X AS17005,0
2019 X 9 X C2009 X AS27132,0
2019 X 9 X C2009 X AS27000,0
2019 X 9 X C2009 X AS27138,0
2019 X 9 X C2009 X AS27133,0
2019 X 7 X C1078 X AS42018,0
2019 X 7 X C1078 X AS21126,0
2019 X 7 X C1078 X AS27134,0
2019 X 7 X C1078 X AS27132,0
2019 X 7 X C1078 X AS27000,0
2019 X 7 X C1078 X AS27137,0
2019 X 7 X C1078 X AS27138,0
2019 X 7 X C1078 X AS27133,0
2019 X 7 X C1070 X AS21126,0
2019 X 7 X C1070 X AS27134,0
2019 X 7 X C1070 X AS27132,0
2019 X 7 X C1070 X AS27000,0
2019 X 7 X C1073 X AS27134,0
2019 X 7 X C1073 X AS27132,0
2019 X 7 X C1073 X AS27000,0
2019 X 7 X C1073 X AS27137,0
2019 X 7 X C1073 X AS27138,0
2019 X 7 X C1073 X AS27133,0
2019 X 7 X C1017 X AS42018,0
2019 X 7 X C1017 X AS21126,0
2019 X 7 X C1017 X AS27134,0
2019 X 7 X C1017 X AS27132,0
2019 X 7 X C1017 X AS27000,0
2019 X 7 X C1017 X AS27137,0
2019 X 7 X C1017 X AS27138,0
2019 X 7 X C1017 X AS27133,0
2019 X 8 X C1073 X AS27134,0
2019 X 8 X C1073 X AS27132,0
2019 X 8 X C1073 X AS27000,0
2019 X 8 X C1073 X AS27137,0
2019 X 8 X C1073 X AS27138,0
2019 X 8 X C1073 X AS27133,0
2019 X 8 X C1017 X AS42018,0
2019 X 8 X C1017 X AS21126,0
2019 X 8 X C1017 X AS27134,0
2019 X 8 X C1017 X AS27132,0
2019 X 8 X C1017 X AS27000,0
2019 X 8 X C1017 X AS27137,0
2019 X 8 X C1017 X AS27138,0
2019 X 8 X C1017 X AS27133,0
2019 X 8 X C1078 X AS21126,0
2019 X 8 X C1078 X AS42018,0
2019 X 8 X C1078 X AS27134,0
2019 X 8 X C1078 X AS27132,0
2019 X 8 X C1078 X AS27000,0
2019 X 8 X C1078 X AS27137,0
2019 X 8 X C1078 X AS27138,0
2019 X 8 X C1078 X AS27133,0
2019 X 8 X C1070 X AS21126,0
2019 X 8 X C1070 X AS27134,0
2019 X 8 X C1070 X AS27132,0
2019 X 8 X C1070 X AS27000,0
2019 X 9 X C1073 X AS21126,0
2019 X 9 X C1073 X AS27134,0
2019 X 9 X C1073 X AS27132,0
2019 X 9 X C1073 X AS27000,0
2019 X 9 X C1073 X AS27137,0
2019 X 9 X C1073 X AS27138,0
2019 X 9 X C1073 X AS27133,0
2019 X 9 X C1078 X AS42018,0
2019 X 9 X C1078 X AS21126,0
2019 X 9 X C1078 X AS27134,0
2019 X 9 X C1078 X AS27132,0
2019 X 9 X C1078 X AS27000,0
2019 X 9 X C1078 X AS27137,0
2019 X 9 X C1078 X AS27138,0
2019 X 9 X C1078 X AS27133,0
2019 X 9 X C1070 X AS21126,0
2019 X 9 X C1070 X AS27134,0
2019 X 9 X C1070 X AS27132,0
2019 X 9 X C1070 X AS27000,0
2019 X 9 X C1017 X AS21126,0
2019 X 9 X C1017 X AS42018,0
2019 X 9 X C1017 X AS27134,0
2019 X 9 X C1017 X AS27132,0
2019 X 9 X C1017 X AS27000,0
2019 X 9 X C1017 X AS27137,0
2019 X 9 X C1017 X AS27138,0
2019 X 9 X C1017 X AS27133,0
2019 X 7 X C1028 X AS21126,0
2019 X 7 X C1028 X AS17005,0
2019 X 7 X C1028 X AS27134,0
2019 X 7 X C1028 X AS27132,0
2019 X 7 X C1028 X AS27000,0
2019 X 7 X C1028 X AS27137,0
2019 X 7 X C1028 X AS27138,0
2019 X 7 X C1028 X AS27133,0
2019 X 7 X C1074 X AS27134,0
2019 X 7 X C1074 X AS27132,0
2019 X 7 X C1074 X AS27000,0
2019 X 7 X C1074 X AS27137,0
2019 X 7 X C1074 X AS27138,0
2019 X 7 X C1074 X AS27133,0
2019 X 7 X C1077 X AS21126,0
2019 X 7 X C1077 X AS42018,0
2019 X 7 X C1077 X AS46000,0
2019 X 7 X C1077 X AS17005,0
2019 X 7 X C1077 X AS27134,0
2019 X 7 X C1077 X AS27132,0
2019 X 7 X C1077 X AS27000,0
2019 X 7 X C1077 X AS27137,0
2019 X 7 X C1077 X AS27138,0
2019 X 7 X C1077 X AS27133,0
2019 X 7 X C1067 X AS27134,0
2019 X 7 X C1067 X AS27000,0
2019 X 7 X C1067 X AS27137,0
2019 X 7 X C1067 X AS27133,0
2019 X 7 X C1099 X AS42018,0
2019 X 7 X C1099 X AS21126,0
2019 X 7 X C1099 X AS17005,0
2019 X 7 X C1099 X AS27134,0
2019 X 7 X C1099 X AS27132,0
2019 X 7 X C1099 X AS27000,0
2019 X 7 X C1099 X AS27137,0
2019 X 7 X C1099 X AS27138,0
2019 X 7 X C1099 X AS27133,0
2019 X 7 X C1007 X AS42018,0
2019 X 7 X C1007 X AS21126,0
2019 X 7 X C1007 X AS46000,0
2019 X 7 X C1007 X AS17005,0
2019 X 7 X C1007 X AS27134,0
2019 X 7 X C1007 X AS27132,0
2019 X 7 X C1007 X AS27000,0
2019 X 7 X C1007 X AS27139,0
2019 X 7 X C1007 X AS27137,0
2019 X 7 X C1007 X AS27138,0
2019 X 7 X C1007 X AS27133,0
2019 X 8 X C1074 X AS27134,0
2019 X 8 X C1074 X AS27132,0
2019 X 8 X C1074 X AS27000,0
2019 X 8 X C1074 X AS27137,0
2019 X 8 X C1074 X AS27138,0
2019 X 8 X C1074 X AS27133,0
2019 X 8 X C1028 X AS21126,0
2019 X 8 X C1028 X AS17005,0
2019 X 8 X C1028 X AS27134,0
2019 X 8 X C1028 X AS27132,0
2019 X 8 X C1028 X AS27000,0
2019 X 8 X C1028 X AS27137,0
2019 X 8 X C1028 X AS27138,0
2019 X 8 X C1028 X AS27133,0
2019 X 8 X C1077 X AS21126,0
2019 X 8 X C1077 X AS27134,0
2019 X 8 X C1077 X AS27132,0
2019 X 8 X C1077 X AS27000,0
2019 X 8 X C1077 X AS27137,0
2019 X 8 X C1077 X AS27138,0
2019 X 8 X C1077 X AS27133,0
2019 X 8 X C1067 X AS27134,0
2019 X 8 X C1067 X AS27000,0
2019 X 8 X C1067 X AS27137,0
2019 X 8 X C1067 X AS27133,0
2019 X 8 X C1099 X AS42018,0
2019 X 8 X C1099 X AS21126,0
2019 X 8 X C1099 X AS17005,0
2019 X 8 X C1099 X AS27134,0
2019 X 8 X C1099 X AS27132,0
2019 X 8 X C1099 X AS27000,0
2019 X 8 X C1099 X AS27137,0
2019 X 8 X C1099 X AS27138,0
2019 X 8 X C1099 X AS27133,0
2019 X 8 X C1007 X AS21126,0
2019 X 8 X C1007 X AS42018,0
2019 X 8 X C1007 X AS46000,0
2019 X 8 X C1007 X AS17005,0
2019 X 8 X C1007 X AS27134,0
2019 X 8 X C1007 X AS27132,0
2019 X 8 X C1007 X AS27000,0
2019 X 8 X C1007 X AS27139,0
2019 X 8 X C1007 X AS27137,0
2019 X 8 X C1007 X AS27138,0
2019 X 8 X C1007 X AS27133,0
2019 X 9 X C1028 X AS21126,0
2019 X 9 X C1028 X AS17005,0
2019 X 9 X C1028 X AS27134,0
2019 X 9 X C1028 X AS27132,0
2019 X 9 X C1028 X AS27000,0
2019 X 9 X C1028 X AS27137,0
2019 X 9 X C1028 X AS27138,0
2019 X 9 X C1028 X AS27133,0
2019 X 9 X C1074 X AS27134,0
2019 X 9 X C1074 X AS27132,0
2019 X 9 X C1074 X AS27000,0
2019 X 9 X C1074 X AS27137,0
2019 X 9 X C1074 X AS27138,0
2019 X 9 X C1074 X AS27133,0
2019 X 9 X C1077 X AS21126,0
2019 X 9 X C1077 X AS27134,0
2019 X 9 X C1077 X AS27132,0
2019 X 9 X C1077 X AS27000,0
2019 X 9 X C1077 X AS27137,0
2019 X 9 X C1077 X AS27138,0
2019 X 9 X C1077 X AS27133,0
2019 X 9 X C1099 X AS21126,0
2019 X 9 X C1099 X AS42018,0
2019 X 9 X C1099 X AS17005,0
2019 X 9 X C1099 X AS27134,0
2019 X 9 X C1099 X AS27000,0
2019 X 9 X C1099 X AS27137,0
2019 X 9 X C1099 X AS27138,0
2019 X 9 X C1099 X AS27133,0
2019 X 9 X C1007 X AS21126,0
2019 X 9 X C1007 X AS42018,0
2019 X 9 X C1007 X AS46000,0
2019 X 9 X C1007 X AS17005,0
2019 X 9 X C1007 X AS27134,0
2019 X 9 X C1007 X AS27132,0
2019 X 9 X C1007 X AS27000,0
2019 X 9 X C1007 X AS27139,0
2019 X 9 X C1007 X AS27137,0
2019 X 9 X C1007 X AS27138,0
2019 X 9 X C1007 X AS27133,0
2019 X 9 X C1067 X AS27134,0
2019 X 9 X C1067 X AS27000,0
2019 X 9 X C1067 X AS27137,0
2019 X 9 X C1067 X AS27133,0
2019 X 7 X C5006 X AS27134,0
2019 X 7 X C5006 X AS27132,0
2019 X 7 X C5006 X AS27000,0
2019 X 7 X C5006 X AS27139,0
2019 X 7 X C5006 X AS27137,0
2019 X 7 X C5006 X AS27138,0
2019 X 7 X C5006 X AS27133,0
2019 X 8 X C5006 X AS27134,0
2019 X 8 X C5006 X AS27132,0
2019 X 8 X C5006 X AS27000,0
2019 X 8 X C5006 X AS27139,0
2019 X 8 X C5006 X AS27137,0
2019 X 8 X C5006 X AS27138,0
2019 X 8 X C5006 X AS27133,0
2019 X 9 X C5006 X AS27134,0
2019 X 9 X C5006 X AS27132,0
2019 X 9 X C5006 X AS27000,0
2019 X 9 X C5006 X AS27139,0
2019 X 9 X C5006 X AS27137,0
2019 X 9 X C5006 X AS27138,0
2019 X 9 X C5006 X AS27133,0
2019 X 7 X C2071 X AS46000,0
2019 X 7 X C2071 X AS27134,0
2019 X 7 X C2071 X AS27132,0
2019 X 7 X C2071 X AS27000,0
2019 X 7 X C2071 X AS27139,0
2019 X 7 X C2071 X AS27137,0
2019 X 7 X C2071 X AS27138,0
2019 X 7 X C2071 X AS27133,0
2019 X 8 X C2071 X AS46000,0
2019 X 8 X C2071 X AS27134,0
2019 X 8 X C2071 X AS27132,0
2019 X 8 X C2071 X AS27000,0
2019 X 8 X C2071 X AS27139,0
2019 X 8 X C2071 X AS27137,0
2019 X 8 X C2071 X AS27138,0
2019 X 8 X C2071 X AS27133,0
2019 X 9 X C2071 X AS46000,0
2019 X 9 X C2071 X AS27134,0
2019 X 9 X C2071 X AS27132,0
2019 X 9 X C2071 X AS27000,0
2019 X 9 X C2071 X AS27139,0
2019 X 9 X C2071 X AS27137,0
2019 X 9 X C2071 X AS27138,0
2019 X 9 X C2071 X AS27133,0
2019 X 7 X C2055 X AS17005,0
2019 X 7 X C2055 X AS27134,0
2019 X 7 X C2055 X AS27132,0
2019 X 7 X C2055 X AS27000,0
2019 X 7 X C2055 X AS27139,0
2019 X 7 X C2055 X AS27137,0
2019 X 7 X C2055 X AS27138,0
2019 X 7 X C2055 X AS27133,0
2019 X 8 X C2055 X AS27132,0
2019 X 8 X C2055 X AS27000,0
2019 X 8 X C2055 X AS27139,0
2019 X 8 X C2055 X AS27137,0
2019 X 8 X C2055 X AS27138,0
2019 X 8 X C2055 X AS27133,0
2019 X 9 X C2055 X AS27132,0
2019 X 9 X C2055 X AS27000,0
2019 X 9 X C2055 X AS27139,0
2019 X 9 X C2055 X AS27137,0
2019 X 9 X C2055 X AS27138,0
2019 X 9 X C2055 X AS27133,0
2019 X 9 X C5076 X AS27132,0
2019 X 9 X C5076 X AS27000,0
2019 X 9 X C5076 X AS27139,0
2019 X 9 X C5076 X AS27137,0
2019 X 9 X C5076 X AS27138,0
2019 X 9 X C5076 X AS27133,0
